filename,duration,mean_pitch,std_pitch,voiced_ratio,mean_intensity,std_intensity,mean_f1,std_f1,mean_f2,std_f2,mean_f3,std_f3,mean_tilt,std_tilt,filepath,type
US_Baby 5_130.5774456466338,2.7943125,5.402473818932003,0.26487479304222894,0.6920289855072463,76.56979118920086,7.874118384240327,562.7675419332597,96.22510642880998,1429.6683175230883,388.72464283548464,2441.985112460292,566.0810467224987,237.40000006902497,55.626307704305844,../../../../../../../../Evaluation_Protocol/Code/IDS_Stimuli/wav_16kHz/ADS/US_Baby 5_130.5774456466338.wav,ADS
"CA_cup, Baby 2077_447.12387234854714",5.1691875,4.966891464250809,0.39396091550434087,0.40545808966861596,56.31896485821821,4.508278185595522,600.4730647594298,146.81167701149207,1720.6055209941658,448.5202885698582,2710.1668721445544,454.85632380121467,180.48000579642448,71.41931071030176,"../../../../../../../../Evaluation_Protocol/Code/IDS_Stimuli/wav_16kHz/ADS/CA_cup, Baby 2077_447.12387234854714.wav",ADS
"CA_flag, Baby 2874_412.1850841095442",4.1679375,5.346110091796355,0.23788349263730363,0.585956416464891,52.757873036472034,5.92071147132069,575.0682396264629,109.9779381638502,1930.7617997892005,354.4167452467902,2611.2265503195563,259.91144729558096,175.56070138935547,61.49955656931625,"../../../../../../../../Evaluation_Protocol/Code/IDS_Stimuli/wav_16kHz/ADS/CA_flag, Baby 2874_412.1850841095442.wav",ADS
US_Baby 5_157.4031068572158,3.9858125,5.192092316809306,0.17748525723807873,0.5443037974683544,72.3017136192146,7.214961073631175,630.3283267791526,128.7103049017457,1558.9668801322205,282.01198184995394,2583.6792502317217,548.177310335323,229.42940328019594,59.83090591772691,../../../../../../../../Evaluation_Protocol/Code/IDS_Stimuli/wav_16kHz/ADS/US_Baby 5_157.4031068572158.wav,ADS
CA_Baby 4784_340.76037359632795,6.6395625,5.187583502570027,0.03866238334981816,0.39545454545454545,53.95799200595624,4.759927291721568,574.5458516391786,124.39137819571593,1597.9196694938285,437.6145400155116,2617.0742705240973,423.03316914735734,166.09151638138025,81.76530107666778,../../../../../../../../Evaluation_Protocol/Code/IDS_Stimuli/wav_16kHz/ADS/CA_Baby 4784_340.76037359632795.wav,ADS
CA_Baby 3314 at 90.785,6.7633125,4.901695939998411,0.30658226828856955,0.3328380386329866,52.90751193278857,5.985804288581048,567.3321637946793,153.95398834816214,1525.991226557168,327.0288107689796,2580.5517077956456,397.5023964781696,141.73184888353404,78.9378782460117,../../../../../../../../Evaluation_Protocol/Code/IDS_Stimuli/wav_16kHz/ADS/CA_Baby 3314 at 90.785.wav,ADS
"CA_ball, Baby 1266_1081.994965918577",7.3648125,5.197479486638542,0.2106452333077926,0.4120054570259209,58.39072886417111,7.147537324996298,555.8528328927673,116.15327289519925,1535.6397203591885,381.79076062419284,2677.4071040435488,311.10238964476713,147.39292364378542,83.91252548092483,"../../../../../../../../Evaluation_Protocol/Code/IDS_Stimuli/wav_16kHz/ADS/CA_ball, Baby 1266_1081.994965918577.wav",ADS
"CA_cup, Baby 3214_548.2954351161833",4.82075,5.148885809561024,0.36258227451921937,0.4112734864300626,52.83594039910902,5.692993397544937,641.6776128425929,234.95920679840845,1633.3340058481788,363.30360761333804,2683.5030628393088,354.03516912718965,188.18672463448527,89.8900625484016,"../../../../../../../../Evaluation_Protocol/Code/IDS_Stimuli/wav_16kHz/ADS/CA_cup, Baby 3214_548.2954351161833.wav",ADS
US_Baby 5_65.53872765319125,4.3358125,5.210271586312501,0.24127379174418986,0.6976744186046512,72.74101630609134,7.009976764039127,503.69363837529767,118.53980113675918,1627.556051383623,466.0364059522109,2640.4989317684995,473.7508085078659,222.16431312338784,91.264004565268,../../../../../../../../Evaluation_Protocol/Code/IDS_Stimuli/wav_16kHz/ADS/US_Baby 5_65.53872765319125.wav,ADS
"US_cup, Baby 4_152.04239497413855",1.64325,5.258402616206088,0.16622824158639934,0.4409937888198758,70.61586865441372,7.760110279333998,697.3603271939891,205.32501586199214,1418.9601394047672,203.32934129373393,2665.7310500897825,226.8712751242567,179.30457880116523,77.22761899625603,"../../../../../../../../Evaluation_Protocol/Code/IDS_Stimuli/wav_16kHz/ADS/US_cup, Baby 4_152.04239497413855.wav",ADS
"CA_ball, Baby 2077_12.582301715046901",4.0725625,5.257133407540489,0.552032401423345,0.3787128712871287,54.2413624841115,6.435821591166588,575.6099487251682,102.45198991219084,1592.9141181166524,509.48778823635564,2715.1025761295236,308.9285080015219,172.17809207956844,68.59986380791177,"../../../../../../../../Evaluation_Protocol/Code/IDS_Stimuli/wav_16kHz/ADS/CA_ball, Baby 2077_12.582301715046901.wav",ADS
CA_Baby 4547 at 646.298,2.4513125,5.173705173447979,0.17249140135696814,0.5,56.41059621673141,7.002932432306567,658.7320593676421,174.52281505780672,1433.260978692871,376.2082165518618,2666.9500105407524,358.0150550895218,150.3656379112686,80.48883760250389,../../../../../../../../Evaluation_Protocol/Code/IDS_Stimuli/wav_16kHz/ADS/CA_Baby 4547 at 646.298.wav,ADS
CA_Baby 1810_341.78370202005016,4.922375,5.073899589482671,0.3461435047872537,0.4274028629856851,51.99817299342006,6.068171093467887,582.7672924599684,131.32587388757676,1755.1703247564192,336.9474124964525,2868.815116071259,384.38350014518255,176.73128240938,71.85608881908155,../../../../../../../../Evaluation_Protocol/Code/IDS_Stimuli/wav_16kHz/ADS/CA_Baby 1810_341.78370202005016.wav,ADS
CA_Baby 4784_282.3260484905622,4.426625,4.9821347780779,0.3651176639192026,0.3234624145785877,47.88711886239304,6.229738193356845,575.8043727434152,150.86038130997252,1738.921419419118,472.6768108758551,2767.7704487997626,305.76093544868945,140.124632321423,64.25009221849804,../../../../../../../../Evaluation_Protocol/Code/IDS_Stimuli/wav_16kHz/ADS/CA_Baby 4784_282.3260484905622.wav,ADS
"CA_cup, Baby 2077_442.0700898098337",3.6435,4.9351787105829885,0.3525035801758368,0.3656509695290859,55.153937500366915,3.644779036358141,635.655752129943,166.68169124756756,1948.8709463654432,535.0697206603174,2681.1392279455576,443.70561620366084,166.3308510776655,59.36426878886819,"../../../../../../../../Evaluation_Protocol/Code/IDS_Stimuli/wav_16kHz/ADS/CA_cup, Baby 2077_442.0700898098337.wav",ADS
"CA_globe, Baby 1266_1054.4929789006917",9.53575,5.2248712601084994,0.18385195939342677,0.5852631578947368,59.02686435980281,6.036397936979264,569.0815953194706,95.624655649199,1459.5172013910064,406.43122895681,2671.4838150894693,302.48439060632137,161.14788955721798,85.95263693141497,"../../../../../../../../Evaluation_Protocol/Code/IDS_Stimuli/wav_16kHz/ADS/CA_globe, Baby 1266_1054.4929789006917.wav",ADS
"CA_ball, Baby 3314 at 104.602",4.95525,4.726716870501835,0.3964153976319518,0.22967479674796748,52.39102804548823,5.27303943121444,484.338207941902,132.40321676870263,1776.401380642255,407.3686999684566,2571.5695552015,352.81514547306364,120.61943218959492,86.14863289364419,"../../../../../../../../Evaluation_Protocol/Code/IDS_Stimuli/wav_16kHz/ADS/CA_ball, Baby 3314 at 104.602.wav",ADS
CA_Baby 3912_233.49077753067155,1.68325,5.29307992512558,0.12423058868162269,0.30303030303030304,57.603667822139805,7.835030885152226,397.22160588239416,57.57458442403508,1896.8951812821658,235.8627585707742,2615.0485909403824,201.8703062409041,112.45413301775707,64.83223884190458,../../../../../../../../Evaluation_Protocol/Code/IDS_Stimuli/wav_16kHz/ADS/CA_Baby 3912_233.49077753067155.wav,ADS
CA_Baby 1810_88.86870410178693,5.3985625,5.077822320771087,0.3108068802889163,0.4197761194029851,49.138226920729466,4.224935751053393,583.5111160211613,149.3379876280774,1726.8567380858817,346.05217438355953,3004.814844170379,332.25020196498537,166.58582929145763,72.3079970098166,../../../../../../../../Evaluation_Protocol/Code/IDS_Stimuli/wav_16kHz/ADS/CA_Baby 1810_88.86870410178693.wav,ADS
"CA_ball, Baby 2077_30.01383908287438",3.5958125,5.196327597626694,0.3265513284649102,0.40730337078651685,60.398870032012574,5.485766300839626,618.8912456432498,140.54455875122463,1669.2599523430647,408.38929165846747,2903.0257898823315,199.74797436239652,153.8823107594732,80.28216511694977,"../../../../../../../../Evaluation_Protocol/Code/IDS_Stimuli/wav_16kHz/ADS/CA_ball, Baby 2077_30.01383908287438.wav",ADS
CA_Baby 2874_492.0910270695727,5.9391875,5.28301964783935,0.26156715076957254,0.6033898305084746,59.15087571591733,6.378196103002408,648.7782718454056,157.69198461661853,1553.9395536898735,443.2610014933842,2620.72386358694,346.9229419580934,196.30534270495352,71.80370078790439,../../../../../../../../Evaluation_Protocol/Code/IDS_Stimuli/wav_16kHz/ADS/CA_Baby 2874_492.0910270695727.wav,ADS
CA_Baby 2077_542.8901545374738,3.886625,5.071924804572033,0.2523961844654332,0.4077922077922078,55.16390617831907,5.373156471600951,558.1986361687186,94.57195785232429,1580.6728841471313,520.3414021859771,2544.7771589316208,438.2745603864936,177.25808339315395,83.33818594775798,../../../../../../../../Evaluation_Protocol/Code/IDS_Stimuli/wav_16kHz/ADS/CA_Baby 2077_542.8901545374738.wav,ADS
"CA_cup, Baby 3214_540.8525468070718",2.791875,5.0274479057604085,0.07925794740041313,0.17028985507246377,53.00186520489117,6.54207457158429,640.634261722933,145.80471517378646,1732.0636266858853,196.09075577033596,2656.9954493947366,358.3429055186273,131.71243030335174,84.62208972264062,"../../../../../../../../Evaluation_Protocol/Code/IDS_Stimuli/wav_16kHz/ADS/CA_cup, Baby 3214_540.8525468070718.wav",ADS
CA_Baby 3314 at 210.265,4.242625,4.898214177120846,0.06290405458103782,0.2209026128266033,47.76002782573024,4.395276779326306,648.875459319191,167.51792429458547,1531.1689986719505,366.38432642541744,2792.219010439506,290.4821774104886,139.22536127966245,69.18875149075984,../../../../../../../../Evaluation_Protocol/Code/IDS_Stimuli/wav_16kHz/ADS/CA_Baby 3314 at 210.265.wav,ADS
"US_flag, Baby 4_71.73592085823985",7.0925625,5.088236427539002,0.21995070944706402,0.7351274787535411,68.29489565650108,7.040435839604649,582.0497268381578,109.76673477305995,1707.0955734111612,342.7742414336365,2582.1400110505874,313.59462017608655,205.19491126076423,102.592828174855,"../../../../../../../../Evaluation_Protocol/Code/IDS_Stimuli/wav_16kHz/ADS/US_flag, Baby 4_71.73592085823985.wav",ADS
CA_Baby 1810_212.33847556642402,4.894375,5.136119385563713,0.3711866557810301,0.49176954732510286,52.61894675595356,5.333004706687719,620.5699378144009,192.37533205508547,1734.572424927097,377.42106880461665,2989.46090217397,337.16291053058256,179.68613472946402,84.79502498332559,../../../../../../../../Evaluation_Protocol/Code/IDS_Stimuli/wav_16kHz/ADS/CA_Baby 1810_212.33847556642402.wav,ADS
CA_Baby 1810_112.28785226540757,4.7263125,5.045035192600231,0.4352171955489339,0.509594882729211,47.11086608987046,4.29511967703761,595.0900447023946,190.23409999740713,1716.1286892179949,269.16358008998344,2949.7083615247993,386.76037439870316,159.3316191141245,75.44800777480064,../../../../../../../../Evaluation_Protocol/Code/IDS_Stimuli/wav_16kHz/ADS/CA_Baby 1810_112.28785226540757.wav,ADS
"CA_sieve, Baby 4547 at 627.465",4.1816875,5.13032451989322,0.3726680421631373,0.40481927710843374,57.48100959647325,8.014767303881449,585.7858150914902,129.60137303277713,1752.9513362542798,313.1000830422553,2651.0838760184106,304.96476513490904,148.87362985535773,75.08439740805034,"../../../../../../../../Evaluation_Protocol/Code/IDS_Stimuli/wav_16kHz/ADS/CA_sieve, Baby 4547 at 627.465.wav",ADS
CA_Baby 2077_392.63977244181063,4.1679375,5.049575800263676,0.534521042512764,0.23728813559322035,57.32848792483167,5.7064952181480875,586.8750718862296,155.1301990262858,1838.6685838687972,339.3079552386681,2477.300206291607,411.5187215024033,171.40710675974142,74.49878131833836,../../../../../../../../Evaluation_Protocol/Code/IDS_Stimuli/wav_16kHz/ADS/CA_Baby 2077_392.63977244181063.wav,ADS
"CA_globe, Baby 2077_166.68622689664895",4.4540625,4.865396128552586,0.3502148729520081,0.16515837104072398,54.797685654159395,5.8186525978795975,613.6665984973284,115.83461420153058,1468.5109285263763,398.80754011171246,2728.6176324775756,316.22852278743443,174.68507715450676,62.59343376070785,"../../../../../../../../Evaluation_Protocol/Code/IDS_Stimuli/wav_16kHz/ADS/CA_globe, Baby 2077_166.68622689664895.wav",ADS
US_Baby 4_119.15118217078498,6.6456875,5.076727025432656,0.3459278580821131,0.5869894099848714,68.55997499637834,6.692871199628365,607.6187006669314,155.17222959673822,1661.666952899848,294.0354722778773,2546.6344501462254,316.65310854476917,210.25678304796398,77.07065421183874,../../../../../../../../Evaluation_Protocol/Code/IDS_Stimuli/wav_16kHz/ADS/US_Baby 4_119.15118217078498.wav,ADS
"US_shoe, Baby 4_134.149755832785",4.9513125,5.096816995527327,0.31094246041489476,0.5528455284552846,70.56522117309814,7.011982545517555,570.3372686611139,115.09399786896566,1598.701121603467,364.36040313361275,2581.335573210365,283.33423919272445,199.96725150859427,92.16834455033951,"../../../../../../../../Evaluation_Protocol/Code/IDS_Stimuli/wav_16kHz/ADS/US_shoe, Baby 4_134.149755832785.wav",ADS
CA_Baby 2874_552.9438134996509,6.0210625,5.480607355507799,0.20480682769977576,0.5943238731218697,55.7669105104817,6.819468941890533,529.1281795144187,136.3641854730411,1681.0921525454046,398.26303122864965,2589.66240566314,353.7612618406217,193.78419235396237,80.64773094855153,../../../../../../../../Evaluation_Protocol/Code/IDS_Stimuli/wav_16kHz/ADS/CA_Baby 2874_552.9438134996509.wav,ADS
CA_Baby 3314 at 248.176,7.95675,4.986556747265891,0.2755289028585036,0.31691919191919193,50.629070804812706,6.109757866615059,527.2961550433218,146.41395531058816,1784.8107082709855,397.9527849794457,2772.6230568776314,324.63064110873626,140.43485116511422,69.89305856056124,../../../../../../../../Evaluation_Protocol/Code/IDS_Stimuli/wav_16kHz/ADS/CA_Baby 3314 at 248.176.wav,ADS
CA_Baby 2077_113.02363282815345,3.5005,4.935673145468651,0.41065004317431686,0.1642651296829971,49.06200940171693,5.628883417434416,586.9820288287449,95.32834594129359,1744.660824564344,351.6282661558665,2553.463088930183,441.81379583312304,177.10716575930462,55.49738710148316,../../../../../../../../Evaluation_Protocol/Code/IDS_Stimuli/wav_16kHz/ADS/CA_Baby 2077_113.02363282815345.wav,ADS
"CA_cup, Baby 1266_1103.6708312684427",8.3681875,5.306205246351959,0.18541029638266515,0.3385354141656663,55.810780050941645,6.285906137990211,566.6369687591634,127.43886323325461,1538.3328203464928,428.96708256560294,2857.1637011941075,215.80207711165897,154.36688451335147,61.11200554105601,"../../../../../../../../Evaluation_Protocol/Code/IDS_Stimuli/wav_16kHz/ADS/CA_cup, Baby 1266_1103.6708312684427.wav",ADS
CA_Baby 1810_298.1001772894327,12.345875,4.928140576952184,0.4108160008472617,0.529650690495532,52.1954698300774,3.999078471501569,624.2457505466957,159.9981245383795,1835.6699981073275,374.3494323783086,2867.8507592279934,349.4036125311615,185.9333469068284,64.98538733731482,../../../../../../../../Evaluation_Protocol/Code/IDS_Stimuli/wav_16kHz/ADS/CA_Baby 1810_298.1001772894327.wav,ADS
"CA_train, Baby 4510_381.13749408600387",5.10525,5.192258957283474,0.3437478390213007,0.504930966469428,56.03990492368648,5.80648333541478,601.7262509688356,147.98878450516264,1601.3516012226642,426.4474767652827,2626.393398670029,314.2872357000614,153.90770222462248,97.5364627465315,"../../../../../../../../Evaluation_Protocol/Code/IDS_Stimuli/wav_16kHz/ADS/CA_train, Baby 4510_381.13749408600387.wav",ADS
"CA_whisk, Baby 3214_514.1518210676982",4.1063125,5.202437687511235,0.510752161465243,0.1941031941031941,56.0362715178882,5.7954868559656765,646.1555911542763,133.51958719986757,1818.390085692838,347.7328111013545,2578.242794844336,278.04449444238185,165.07838455813993,87.33636555571269,"../../../../../../../../Evaluation_Protocol/Code/IDS_Stimuli/wav_16kHz/ADS/CA_whisk, Baby 3214_514.1518210676982.wav",ADS
"CA_block, Baby 2874_705.0469023686146",3.5115625,5.438535462228222,0.2589076476645247,0.5718390804597702,55.68023959459577,5.85766237568764,607.6016897984337,129.31973281893943,1481.131667070682,427.12031794656554,2589.5861280797535,324.02767789081076,200.76579029299234,65.29315872194952,"../../../../../../../../Evaluation_Protocol/Code/IDS_Stimuli/wav_16kHz/ADS/CA_block, Baby 2874_705.0469023686146.wav",ADS
"CA_sieve, Baby 2077_309.2595749953863",7.1239375,4.880840757431924,0.6248453528191774,0.38928067700987307,54.57914152949947,4.779261857157389,604.1836962236539,86.21759387807877,1785.0909037511253,320.5053699811732,2432.7500085400484,465.665098748678,179.65812631907667,75.0947862921153,"../../../../../../../../Evaluation_Protocol/Code/IDS_Stimuli/wav_16kHz/ADS/CA_sieve, Baby 2077_309.2595749953863.wav",ADS
"CA_globe, Baby 3214_666.742110864785",3.327125,5.007078444091096,0.28344258254139926,0.39209726443769,51.9201427104695,5.46966871425319,560.1588532398953,175.72993372988986,1639.5825004585145,412.1532473608808,2635.905432319009,237.67419205357,190.40921878004198,86.36461496734034,"../../../../../../../../Evaluation_Protocol/Code/IDS_Stimuli/wav_16kHz/ADS/CA_globe, Baby 3214_666.742110864785.wav",ADS
CA_Baby 4784_115.77902044731665,4.04,5.190842700956931,0.12245180984821832,0.2793017456359102,52.853662507626105,6.071389787617616,589.0447970423653,116.92446456056645,1934.5303513753272,418.28709831636274,2869.470145571533,233.56057421445968,125.54810187329146,83.18871369351506,../../../../../../../../Evaluation_Protocol/Code/IDS_Stimuli/wav_16kHz/ADS/CA_Baby 4784_115.77902044731665.wav,ADS
"CA_train, Baby 2077_483.6996629498416",3.5958125,5.054302326884789,0.13751184449654402,0.2949438202247191,57.906121347318795,5.138707578096592,596.5391009030478,112.45211762625972,1727.8946496315746,372.57488566077814,2674.692560615287,248.88732869442643,135.47489228600048,88.78637920688811,"../../../../../../../../Evaluation_Protocol/Code/IDS_Stimuli/wav_16kHz/ADS/CA_train, Baby 2077_483.6996629498416.wav",ADS
"CA_shoe, Baby 2874_479.5476071115915",3.7843125,5.326289320269114,0.45262444180049566,0.3893333333333333,53.70924911842587,5.332421051038649,723.0817499333848,346.17532063608525,1751.0972126867605,481.9891469507819,2564.1798110933846,491.773694253378,174.46131198945835,82.58540143728904,"../../../../../../../../Evaluation_Protocol/Code/IDS_Stimuli/wav_16kHz/ADS/CA_shoe, Baby 2874_479.5476071115915.wav",ADS
"CA_globe, Baby 4510_335.2411179172068",6.525,5.284527787448605,0.18583317666261692,0.6101694915254238,60.80302169380067,6.721892059226885,579.5257792648051,165.25710214965028,1493.5346412817225,412.2627816067282,2568.233776179921,425.7562218884826,188.44157522148,87.29912229507667,"../../../../../../../../Evaluation_Protocol/Code/IDS_Stimuli/wav_16kHz/ADS/CA_globe, Baby 4510_335.2411179172068.wav",ADS
"CA_shoe, Baby 2077_420.39159070410506",10.6996875,4.950106987820729,0.4544438930072669,0.2776735459662289,57.01220802621485,4.97728610206212,591.8466635874444,138.82869027298577,1722.6282227423953,399.75992244949924,2745.8402281787057,259.8609177026896,160.99901306337864,82.35780053818385,"../../../../../../../../Evaluation_Protocol/Code/IDS_Stimuli/wav_16kHz/ADS/CA_shoe, Baby 2077_420.39159070410506.wav",ADS
"CA_train, Baby 2874_615.358749152172",8.20325,5.33254993822306,0.28948762468540057,0.591187270501836,53.942412524097556,6.802346244171181,604.6661636305814,124.95853701170945,1725.8128412013166,465.5199857904471,2703.4262917380147,282.51274832374025,179.96679122289538,69.15344142624281,"../../../../../../../../Evaluation_Protocol/Code/IDS_Stimuli/wav_16kHz/ADS/CA_train, Baby 2874_615.358749152172.wav",ADS
CA_Baby 2077_316.3634768658419,7.7436875,5.077814996290953,0.23044878345914743,0.35667963683527887,54.34527100554155,6.146293684530659,607.6856522948945,130.69819208421626,1659.872169286939,457.2681018449099,2495.3084313065624,473.5457664391399,161.6757977887197,83.5759703531262,../../../../../../../../Evaluation_Protocol/Code/IDS_Stimuli/wav_16kHz/ADS/CA_Baby 2077_316.3634768658419.wav,ADS
"CA_yeast, Baby 2077_349.7339051020574",14.2755,5.038805276907479,0.3775919023943191,0.3616573033707865,57.57364012223864,5.378770150703137,578.6467848386878,118.28521492149784,1738.4100465806546,397.4288885426605,2671.9548338681348,387.7029602447426,163.9108713104438,82.40125282997973,"../../../../../../../../Evaluation_Protocol/Code/IDS_Stimuli/wav_16kHz/ADS/CA_yeast, Baby 2077_349.7339051020574.wav",ADS
"CA_ball, Baby 3214_464.7267987032388",4.1063125,5.1207369550574935,0.20341606025852849,0.2628992628992629,54.28778241467034,4.9550045896596275,676.2132166673192,213.7036779012599,1498.3628588717525,402.18368984540484,2553.7612133272555,305.16252990045484,181.7349965177844,91.67712238657334,"../../../../../../../../Evaluation_Protocol/Code/IDS_Stimuli/wav_16kHz/ADS/CA_ball, Baby 3214_464.7267987032388.wav",ADS
"CA_train, Baby 3214_747.4731669126435",10.1166875,5.149134015201296,0.29439421101429775,0.3253968253968254,56.17120851458861,5.898883786193096,574.8926451054457,160.9581679239629,1708.854211403546,308.11784887698064,2512.276186268381,287.7508889629943,186.92543918843685,88.50375258361983,"../../../../../../../../Evaluation_Protocol/Code/IDS_Stimuli/wav_16kHz/ADS/CA_train, Baby 3214_747.4731669126435.wav",ADS
"US_sieve, Baby 5_63.51105939873247",1.898875,5.17194450353246,0.38265439160908366,0.3870967741935484,71.75519978422952,7.744362955751784,500.6343360596988,98.76738428321173,1743.354230898071,347.22370438024535,2976.4942817393553,325.1301306952523,184.58205291282164,60.62422793635169,"../../../../../../../../Evaluation_Protocol/Code/IDS_Stimuli/wav_16kHz/ADS/US_sieve, Baby 5_63.51105939873247.wav",ADS
CA_Baby 4510_413.3546018544898,4.7295625,5.1120547445490905,0.3595319202274538,0.39872068230277186,57.07254851368051,6.433059104067682,585.9206875357834,126.67641897224082,1619.2569119941268,341.0745904148656,2780.431057839664,315.5677922072466,164.11725122054128,90.40020536120244,../../../../../../../../Evaluation_Protocol/Code/IDS_Stimuli/wav_16kHz/ADS/CA_Baby 4510_413.3546018544898.wav,ADS
"CA_flag, Baby 4784_4.515356306021673",3.599375,5.205042479229489,0.2441502328936836,0.4297752808988764,58.50514248482285,5.480203061171882,586.5229999902701,147.04819080419193,1938.9282842528885,499.7398318211295,2760.754549179684,156.8298532405132,120.78480932996676,99.39655325556498,"../../../../../../../../Evaluation_Protocol/Code/IDS_Stimuli/wav_16kHz/ADS/CA_flag, Baby 4784_4.515356306021673.wav",ADS
CA_Baby 3912_189.43910293047873,4.5245625,5.3108530574843025,0.15734053505413623,0.688195991091314,62.10096170398694,6.00444267189796,573.0078713845686,204.58504695203658,1414.9039635468512,349.4880738733165,2593.4511410479167,352.79111580882744,193.97357420373723,93.52049264482275,../../../../../../../../Evaluation_Protocol/Code/IDS_Stimuli/wav_16kHz/ADS/CA_Baby 3912_189.43910293047873.wav,ADS
"CA_ball, Baby 2874_391.0200430191452",5.693625,5.2941652615213535,0.2455871150327768,0.43462897526501765,54.06805944742283,6.2637114064069115,628.1988594467077,147.75913396883763,1622.973208157679,583.752190522683,2699.087402418578,302.23838167121704,185.5734189807216,67.38066517435585,"../../../../../../../../Evaluation_Protocol/Code/IDS_Stimuli/wav_16kHz/ADS/CA_ball, Baby 2874_391.0200430191452.wav",ADS
"CA_yeast, Baby 2874_675.6670048027384",5.5846875,5.412862563410626,0.27774360895367506,0.4018018018018018,57.12102098958121,6.271444082907374,625.6985713557342,134.1644369382646,1921.1302781643053,363.1931946822799,2609.8696712546825,381.2225007475565,175.3086481834835,63.89199067149886,"../../../../../../../../Evaluation_Protocol/Code/IDS_Stimuli/wav_16kHz/ADS/CA_yeast, Baby 2874_675.6670048027384.wav",ADS
"CA_whisk, Baby 2077_98.85615167809891",12.6068125,4.970653958873775,0.49036411840931754,0.360381861575179,57.52393710126093,4.697335550501299,619.0302800149155,122.81229148345328,1604.9372915055867,456.08566039210854,2686.582798541722,327.9310051716935,169.98327081760056,84.44348459206489,"../../../../../../../../Evaluation_Protocol/Code/IDS_Stimuli/wav_16kHz/ADS/CA_whisk, Baby 2077_98.85615167809891.wav",ADS
CA_Baby 2077_325.2131190053606,4.4063125,5.194699249157634,0.2994159812155301,0.35926773455377575,55.10487599267233,4.609055558254535,578.7028179249755,135.80199772311673,1795.3522120824855,446.21006038235794,2701.639485905202,392.9948626797195,172.1256330860262,84.2982168924275,../../../../../../../../Evaluation_Protocol/Code/IDS_Stimuli/wav_16kHz/ADS/CA_Baby 2077_325.2131190053606.wav,ADS
"CA_shoe, Baby 4510_307.403956084694",4.02725,5.404826668585505,0.2834325310970883,0.45363408521303256,66.05670951993683,5.616351030728876,574.2239075800009,124.02797066461557,1699.5249037975595,338.2865680109358,2586.709743202803,349.2996661891885,133.03282714470555,114.00377836875535,"../../../../../../../../Evaluation_Protocol/Code/IDS_Stimuli/wav_16kHz/ADS/CA_shoe, Baby 4510_307.403956084694.wav",ADS
"CA_yeast, Baby 3214_620.3920087002338",5.8780625,5.0921316736803375,0.4595062225019588,0.4332191780821918,52.81807871983524,5.643481367803717,561.0522831257488,167.86059719963632,1763.587895932005,417.67488541727204,2650.750693535246,373.29024368920733,168.91081489660198,83.84868881204903,"../../../../../../../../Evaluation_Protocol/Code/IDS_Stimuli/wav_16kHz/ADS/CA_yeast, Baby 3214_620.3920087002338.wav",ADS
"CA_yeast, Baby 4510_190.42389050838185",7.541,5.311518740157618,0.21084089071151746,0.6564580559254327,59.73384542200577,6.1979900100285095,553.0524403075035,165.78452062738822,1635.456083292386,410.85561321304533,2627.761036799618,334.29743994282154,167.86364755816203,94.36225235423146,"../../../../../../../../Evaluation_Protocol/Code/IDS_Stimuli/wav_16kHz/ADS/CA_yeast, Baby 4510_190.42389050838185.wav",ADS
"CA_sieve, Baby 2874_579.8183520434693",5.9665,5.467768953755359,0.37476836644939393,0.5075885328836425,58.040374291527506,6.951380243403434,606.6938485884143,129.98956039873167,1645.3072240931092,404.0941510387352,2562.496426316873,315.7935048600378,178.06562584451117,82.87026825709485,"../../../../../../../../Evaluation_Protocol/Code/IDS_Stimuli/wav_16kHz/ADS/CA_sieve, Baby 2874_579.8183520434693.wav",ADS
"CA_block, Baby 4510_440.4955512967424",5.9119375,5.475098050524486,0.20341829621109597,0.6190476190476191,62.938514371493405,6.202882962979176,536.8871455433514,154.3629141914582,1348.4668973364326,463.5909378378832,2696.596083842449,398.5460727574871,167.05744621664584,105.87052017062645,"../../../../../../../../Evaluation_Protocol/Code/IDS_Stimuli/wav_16kHz/ADS/CA_block, Baby 4510_440.4955512967424.wav",ADS
CA_Baby 4510_386.2227425561305,3.6875625,5.313928984114352,0.33288345162973565,0.5013698630136987,57.536094966145775,5.097267767279861,585.2939608259534,168.29717570969314,1660.0066017228469,493.5585276821991,2807.3430143420437,377.2361061618261,152.8636767481861,86.6765117854444,../../../../../../../../Evaluation_Protocol/Code/IDS_Stimuli/wav_16kHz/ADS/CA_Baby 4510_386.2227425561305.wav,ADS
"CA_whisk, Baby 1810_284.02024489690655",3.345,5.173560677646466,0.36035580588892013,0.459214501510574,54.076034957775256,4.966669935922455,657.4149632459647,159.8900017105435,1639.4930953003256,335.5795478908611,2964.7005735695166,341.14165579582743,171.75426405162642,78.2161211775501,"../../../../../../../../Evaluation_Protocol/Code/IDS_Stimuli/wav_16kHz/ADS/CA_whisk, Baby 1810_284.02024489690655.wav",ADS
"CA_globe, Baby 2936_636.407159425541",6.2738125,5.441813909836825,0.2790000364804405,0.4150641025641026,55.28255013410148,6.704066356280915,596.8856113812144,178.33643368017567,1424.9803319891998,376.95710746872544,2631.0977058024287,500.25913958841807,147.34383060571332,92.65880442911721,"../../../../../../../../Evaluation_Protocol/Code/IDS_Stimuli/wav_16kHz/ADS/CA_globe, Baby 2936_636.407159425541.wav",ADS
"CA_whisk, Baby 3314 at 214.515",7.026875,5.019202828266192,0.2839659254688071,0.39914163090128757,52.92559430667197,6.285417761567,542.0264299008697,147.43940469040066,1757.6826951544397,405.54077219048844,2721.144602602352,336.2415258587281,137.8797868843762,82.41188328033795,"../../../../../../../../Evaluation_Protocol/Code/IDS_Stimuli/wav_16kHz/ADS/CA_whisk, Baby 3314 at 214.515.wav",ADS
CA_Baby 4547 at 554.549,4.17425,5.067614073418756,0.1702680227075149,0.42028985507246375,58.764451511339296,7.034494991002774,601.6101433095827,160.18411526497715,1549.323384580076,395.88064525624804,2604.09704327996,311.10620694096525,155.29057612638928,87.78660309455984,../../../../../../../../Evaluation_Protocol/Code/IDS_Stimuli/wav_16kHz/ADS/CA_Baby 4547 at 554.549.wav,ADS
"CA_train, Baby 3214_709.7436105197614",2.95775,5.077090456908829,0.2470779257738247,0.5068493150684932,54.2708075938233,5.30043657087603,577.6164342465727,189.87081044243345,1599.6801278209555,450.1045672525783,2513.010083257283,241.26410097513312,200.21059182676504,78.36519786223135,"../../../../../../../../Evaluation_Protocol/Code/IDS_Stimuli/wav_16kHz/ADS/CA_train, Baby 3214_709.7436105197614.wav",ADS
"CA_ball, Baby 3214_461.6955604692438",2.3918125,5.408788552426742,0.22663005544766227,0.4745762711864407,53.968870287463865,7.076838540963306,598.4400138579335,198.64495135853136,1453.4156864782606,328.0550782077463,2539.8767175514818,312.42412327705586,208.27275859831028,70.25541068088921,"../../../../../../../../Evaluation_Protocol/Code/IDS_Stimuli/wav_16kHz/ADS/CA_ball, Baby 3214_461.6955604692438.wav",ADS
"US_whisk, Baby 5_139.08118150122942",1.8293125,5.085808563915342,0.21273021833791086,0.41899441340782123,73.9203459841559,5.786852899029173,575.9945872178328,154.15165610201547,1604.1392235746787,550.1531037782834,2617.843532041984,487.74363650957304,200.55555243295532,63.34480765408306,"../../../../../../../../Evaluation_Protocol/Code/IDS_Stimuli/wav_16kHz/ADS/US_whisk, Baby 5_139.08118150122942.wav",ADS
"CA_whisk, Baby 2936_506.30553451466204",8.1970625,5.19472158485654,0.32643141326835384,0.5894607843137255,53.02058189710839,4.85682293806368,551.7804806526601,160.18277085690224,1720.7903392549497,517.7951347098083,2672.273354794151,346.0930108585062,164.51215501262072,91.27292534793128,"../../../../../../../../Evaluation_Protocol/Code/IDS_Stimuli/wav_16kHz/ADS/CA_whisk, Baby 2936_506.30553451466204.wav",ADS
"CA_shoe, Baby 1810_467.1777833598229",4.8383125,5.1752880961613,0.2868878177060138,0.525,52.21164796194787,6.019602149775703,581.1780346506968,158.46884768801888,1667.1675634290134,405.73375016547703,2535.2556778676003,410.4793270314307,171.8615101637394,85.50026030932122,"../../../../../../../../Evaluation_Protocol/Code/IDS_Stimuli/wav_16kHz/ADS/CA_shoe, Baby 1810_467.1777833598229.wav",ADS
CA_Baby 2874_498.20327264845236,4.3844375,5.306647686743654,0.22813201445336995,0.6252873563218391,54.35808877986262,5.452760582415366,673.3753483351646,144.6071908369392,1709.486798342683,369.2446948654994,2573.2758572032726,401.3735649943839,191.63718316372643,64.07187067654532,../../../../../../../../Evaluation_Protocol/Code/IDS_Stimuli/wav_16kHz/ADS/CA_Baby 2874_498.20327264845236.wav,ADS
CA_Baby 3912_246.0280238700178,2.466,5.329288790105382,0.20334187569917261,0.5185185185185185,59.84749220381285,5.03496898020466,615.1674432685675,147.16851678694024,1595.0114061908334,307.4153953997909,2481.6069866177427,372.8312046163943,159.83465192091634,105.39826294695638,../../../../../../../../Evaluation_Protocol/Code/IDS_Stimuli/wav_16kHz/ADS/CA_Baby 3912_246.0280238700178.wav,ADS
"CA_shoe, Baby 3214_766.4750928238898",5.648625,5.129207250731077,0.3304418695263101,0.46345811051693403,51.91369526776454,6.168255140079417,538.544425902748,158.65508325836956,1752.7923193817878,460.91034739206555,2668.723426464294,260.57286160718894,168.488074010622,90.31273694221692,"../../../../../../../../Evaluation_Protocol/Code/IDS_Stimuli/wav_16kHz/ADS/CA_shoe, Baby 3214_766.4750928238898.wav",ADS
CA_Baby 2874_681.2315898452964,5.1271875,5.2902338329483785,0.20753230672747333,0.5599214145383105,55.933770967096656,5.971501448538739,659.1192577538741,120.14342409158326,1729.8424246365616,317.12052771444667,2531.6104640295744,314.4500707354494,197.4021029699311,62.3073052586957,../../../../../../../../Evaluation_Protocol/Code/IDS_Stimuli/wav_16kHz/ADS/CA_Baby 2874_681.2315898452964.wav,ADS
"CA_yeast, Baby 3912_121.11405378347743",2.4251875,5.157468979846842,0.14169168024075232,0.5397489539748954,55.141082172606836,6.077603232831512,519.3082153123695,133.15754185819569,1860.0761045585164,503.854462082797,2494.035030230402,484.6163123762708,133.0391869394684,97.03976836454979,"../../../../../../../../Evaluation_Protocol/Code/IDS_Stimuli/wav_16kHz/ADS/CA_yeast, Baby 3912_121.11405378347743.wav",ADS
"CA_flag, Baby 3912_15.037955853329555",3.1298125,5.314556045518598,0.2192800200474449,0.4110032362459547,49.8511830504292,7.434644749396011,579.0306499548494,188.67821582976396,1712.9584069944324,381.34010250160924,2718.1206315444488,313.56181745587367,127.28080286322448,77.99050221325523,"../../../../../../../../Evaluation_Protocol/Code/IDS_Stimuli/wav_16kHz/ADS/CA_flag, Baby 3912_15.037955853329555.wav",ADS
CA_Baby 4510_132.80257160363274,2.5345625,5.377173539004775,0.275511064112054,0.316,65.24534265467346,4.900945401686961,637.1563172541044,191.00361921251235,1517.9204647700499,358.3524235712232,2687.163391393688,600.0965402592566,148.51280762600834,72.32096225795108,../../../../../../../../Evaluation_Protocol/Code/IDS_Stimuli/wav_16kHz/ADS/CA_Baby 4510_132.80257160363274.wav,ADS
"US_yeast, Baby 5_116.95457424694321",3.1638125,5.274113488662001,0.27571682546548787,0.597444089456869,73.60126533122839,6.302662734050143,539.2561508966302,159.8506939732603,1772.7268335493432,521.3669327716209,2717.2420051585987,471.2034198462766,205.2488414532929,81.88471027431387,"../../../../../../../../Evaluation_Protocol/Code/IDS_Stimuli/wav_16kHz/ADS/US_yeast, Baby 5_116.95457424694321.wav",ADS
"CA_yeast, Baby 1810_129.25098395616675",4.75425,5.060346404478321,0.3107852777092484,0.5,52.64317668580841,4.858952194085264,630.1400815721526,147.39629026844023,1879.13985830249,414.54023850511385,2917.5494130917837,369.282659969998,167.0862122354288,81.0777850783005,"../../../../../../../../Evaluation_Protocol/Code/IDS_Stimuli/wav_16kHz/ADS/CA_yeast, Baby 1810_129.25098395616675.wav",ADS
"US_block, Baby 4_184.73879609345",9.5645625,5.10966723456086,0.4009552145905031,0.472193074501574,71.84553651879757,6.291487016684042,563.9673486378271,134.7059687145941,1758.4654761471213,429.40685498762764,2563.438923530273,379.6119471717839,183.7512280275311,107.2644469527145,"../../../../../../../../Evaluation_Protocol/Code/IDS_Stimuli/wav_16kHz/ADS/US_block, Baby 4_184.73879609345.wav",ADS
CA_Baby 2077_502.3671442456944,4.356375,5.0544703946312,0.48232423201942953,0.4583333333333333,56.22020064402508,5.023324987919132,527.5288440703365,97.71835833018291,1697.1057454864379,418.49466459791535,2390.7717358709965,329.97346828218383,180.57227612529456,89.93324477997241,../../../../../../../../Evaluation_Protocol/Code/IDS_Stimuli/wav_16kHz/ADS/CA_Baby 2077_502.3671442456944.wav,ADS
CA_Baby 2874_470.6960809064687,4.3641875,5.34134724142795,0.21381106644521222,0.5196304849884527,54.24437763845546,6.058185210848964,629.5016485694518,157.84560942219682,1675.652844801734,386.1854092854042,2574.3484102158404,328.1564300518845,190.981398641269,58.3704126864543,../../../../../../../../Evaluation_Protocol/Code/IDS_Stimuli/wav_16kHz/ADS/CA_Baby 2874_470.6960809064687.wav,ADS
CA_Baby 4784_217.32396004850006,6.9324375,5.097287301718686,0.2685553954696877,0.4115942028985507,58.683026220400755,5.694573527158973,567.7932517758194,149.33552497742815,1596.9134082343057,458.76941752229544,2669.247052457178,304.13799311172,141.07752711970744,93.31902791151334,../../../../../../../../Evaluation_Protocol/Code/IDS_Stimuli/wav_16kHz/ADS/CA_Baby 4784_217.32396004850006.wav,ADS
CA_Baby 1810_436.785481010318,6.098875,4.917063976336614,0.33006098127157457,0.36633663366336633,51.231273083476474,5.140230333999728,595.8763261130439,133.7616781791008,1738.0806378475158,274.1407080715923,2739.710725196849,398.31700013340077,184.07836422093064,67.18666483985513,../../../../../../../../Evaluation_Protocol/Code/IDS_Stimuli/wav_16kHz/ADS/CA_Baby 1810_436.785481010318.wav,ADS
CA_Baby 4510_222.06275079043385,1.725625,5.400137113054257,0.20693290114323282,0.6331360946745562,63.21435129238947,5.700813902523416,681.2663419642233,148.30103808096533,1537.864184374855,337.9876032442368,2404.1508805545163,502.9884274801181,181.72448085443125,68.56212646077083,../../../../../../../../Evaluation_Protocol/Code/IDS_Stimuli/wav_16kHz/ADS/CA_Baby 4510_222.06275079043385.wav,ADS
"CA_cup, Baby 2874_545.902024470267",6.348375,5.365470408484288,0.13291984492132658,0.6022187004754358,55.58927232986854,5.083412258099707,608.8418984707877,140.17713120012897,1640.2321164292669,505.34864200849677,2476.5932392136906,353.1208441250802,206.6773633431561,71.0110087544815,"../../../../../../../../Evaluation_Protocol/Code/IDS_Stimuli/wav_16kHz/ADS/CA_cup, Baby 2874_545.902024470267.wav",ADS
"CA_sieve, Baby 4547 at 602.277",3.63375,5.334820731392251,0.348735207122429,0.4527777777777778,60.1496081336635,6.974082079100047,548.0176986758985,72.64298773636096,1969.7704160946505,368.7233688504993,2587.954161344821,274.4663566212302,108.09857078497068,64.40939638592208,"../../../../../../../../Evaluation_Protocol/Code/IDS_Stimuli/wav_16kHz/ADS/CA_sieve, Baby 4547 at 602.277.wav",ADS
"CA_whisk, Baby 2077_57.12753441367709",10.6996875,4.9599835472344616,0.38697483911366337,0.4024390243902439,54.75407259486638,5.122320663969825,583.9795255298861,127.44164810878672,1813.3975501086518,491.7291818178312,2700.6150428228916,431.1877943834345,174.16287062976943,76.03280534125177,"../../../../../../../../Evaluation_Protocol/Code/IDS_Stimuli/wav_16kHz/ADS/CA_whisk, Baby 2077_57.12753441367709.wav",ADS
"CA_cup, Baby 4510_34.38991088014878",4.47525,5.403559006553383,0.34174297861170966,0.39414414414414417,61.234639338999635,5.708407568903142,614.8436175655852,155.1795205383283,1691.1107380633784,412.41368821141907,2551.648085479763,474.2707427269561,124.06258213430436,102.6035651316418,"../../../../../../../../Evaluation_Protocol/Code/IDS_Stimuli/wav_16kHz/ADS/CA_cup, Baby 4510_34.38991088014878.wav",ADS
CA_Baby 4510_115.47958435251769,3.845625,5.375294001000619,0.283276514227865,0.5826771653543307,59.171673246517834,4.962291134217063,519.8926148828297,104.21082642091586,1539.599126724948,448.2617495940192,2734.707901981391,499.2813703598294,149.93043487447883,132.05995984199373,../../../../../../../../Evaluation_Protocol/Code/IDS_Stimuli/wav_16kHz/ADS/CA_Baby 4510_115.47958435251769.wav,ADS
US_Baby 4_70.21009376493727,1.545875,5.179907703387862,0.05698643555886826,0.695364238410596,72.76760218040371,7.831736665017669,637.2889304928445,117.90968380052651,1545.7534514646277,358.58702056417064,2640.426424610947,258.7061714658581,166.8026967074623,110.64541803577633,../../../../../../../../Evaluation_Protocol/Code/IDS_Stimuli/wav_16kHz/ADS/US_Baby 4_70.21009376493727.wav,ADS
CA_Baby 2874_585.7648203732617,3.2975625,5.315487065251905,0.21464020900732458,0.4723926380368098,55.46459921858431,5.17616084307107,582.1735720340314,135.4051876379054,1844.5558954471214,498.02745208802486,2576.2858269866106,415.6894879194794,193.50673659769006,58.47047560653639,../../../../../../../../Evaluation_Protocol/Code/IDS_Stimuli/wav_16kHz/ADS/CA_Baby 2874_585.7648203732617.wav,ADS
CA_Baby 4784_82.35264476401137,5.8919375,5.223245722445886,0.2358996827488777,0.39761092150170646,56.88894235486905,5.942341930103046,572.0360850255136,172.1161167663013,1759.2711252478484,391.6238410526287,2690.2727748931993,249.26459733116928,143.7687678952816,86.13287430521976,../../../../../../../../Evaluation_Protocol/Code/IDS_Stimuli/wav_16kHz/ADS/CA_Baby 4784_82.35264476401137.wav,ADS
"CA_ball, Baby 4510_341.74610580792717",3.066,5.280051497485096,0.31457312336223553,0.594059405940594,61.94701537167637,5.814492546277879,614.3140333357384,120.02619261707561,1292.441917487674,347.59618369223136,2794.592072648857,435.60366974032576,174.37370427636668,105.33008082148658,"../../../../../../../../Evaluation_Protocol/Code/IDS_Stimuli/wav_16kHz/ADS/CA_ball, Baby 4510_341.74610580792717.wav",ADS
CA_Baby 4784_8.09470456084376,3.764,5.203233293505811,0.34188336105376715,0.3699731903485255,57.13947633307843,6.660610132643712,580.7872535244153,129.64317167499703,1734.4211575063775,653.3423734512463,2766.9539966176876,215.36656097623663,133.82647556438266,87.80077273293021,../../../../../../../../Evaluation_Protocol/Code/IDS_Stimuli/wav_16kHz/ADS/CA_Baby 4784_8.09470456084376.wav,ADS
CA_Baby 4510_277.39461602176004,4.1665625,5.392130740911272,0.3903626931103266,0.5641646489104116,61.13660255807891,6.938076101903726,553.3805252670505,137.73872001576626,1565.9254801469708,565.7342794589102,2602.4265868422567,371.8962746996568,168.3238414285083,93.06444984179771,../../../../../../../../Evaluation_Protocol/Code/IDS_Stimuli/wav_16kHz/ADS/CA_Baby 4510_277.39461602176004.wav,ADS
"CA_sieve, Baby 2936_653.2693839485118",23.745625,5.114664568437561,0.39097108736967395,0.47195276254744833,53.96597953359523,5.662660319887069,632.9343856831437,162.27984609957238,1744.8691437824036,398.5224820063208,2723.095922118317,362.4963941727248,147.0725677880489,96.76665556706291,"../../../../../../../../Evaluation_Protocol/Code/IDS_Stimuli/wav_16kHz/ADS/CA_sieve, Baby 2936_653.2693839485118.wav",ADS
CA_Baby 4510_450.81831091701173,3.54075,5.345398931524648,0.13763573833564902,0.396011396011396,58.46325845614909,6.659688127886674,580.2642220291591,192.6141313401156,1608.948284516555,301.7137894974705,2707.565795743819,376.5207261403573,130.47586962528823,105.50501424203541,../../../../../../../../Evaluation_Protocol/Code/IDS_Stimuli/wav_16kHz/ADS/CA_Baby 4510_450.81831091701173.wav,ADS
US_Baby 5_105.57700379351351,5.3589375,5.280665059835731,0.3537599258722575,0.5958646616541353,73.25873689636013,6.865216324618427,554.7901352613313,135.92244216061155,1503.4286431938144,397.864891072068,2505.4603989086054,492.6817096451061,225.95354605710392,76.41743508439099,../../../../../../../../Evaluation_Protocol/Code/IDS_Stimuli/wav_16kHz/ADS/US_Baby 5_105.57700379351351.wav,ADS
CA_Baby 1810_560.8068981305205,4.0259375,5.230517843358689,0.20911070557854125,0.6165413533834586,51.45481756826725,5.592120112837575,582.63769958815,160.27035404133156,1776.3139894967633,316.1056533561331,2782.9307005406354,330.0286970559941,181.23997426426135,81.87920186911454,../../../../../../../../Evaluation_Protocol/Code/IDS_Stimuli/wav_16kHz/ADS/CA_Baby 1810_560.8068981305205.wav,ADS
US_Baby 4_139.08102763398546,3.59675,5.0490381094344245,0.3711371339585179,0.6797752808988764,70.15677941571505,6.970275124844074,573.4604963954442,129.46859511280545,1469.3263306324623,335.02864776339976,2563.6905517636887,325.9523039627948,224.80645733071253,85.85695085684505,../../../../../../../../Evaluation_Protocol/Code/IDS_Stimuli/wav_16kHz/ADS/US_Baby 4_139.08102763398546.wav,ADS
US_Baby 4_93.3328966173391,7.78075,5.125277572067476,0.31717213197518423,0.5019354838709678,69.19553338732132,6.816363520032519,578.5634211486934,141.762113708312,1484.924278383958,359.59072672384053,2770.124071117622,275.3429165447719,173.03040860371672,118.81761431427532,../../../../../../../../Evaluation_Protocol/Code/IDS_Stimuli/wav_16kHz/ADS/US_Baby 4_93.3328966173391.wav,ADS
CA_Baby 4784_329.3687108316608,4.946125,5.372103091323226,0.2315418557202935,0.26883910386965376,53.766193562051505,8.757213988091497,532.5216626351962,154.20413164548287,1664.8902366587454,612.6174217981795,2781.9650248130365,251.79166785037003,107.9719447463818,98.35215892980632,../../../../../../../../Evaluation_Protocol/Code/IDS_Stimuli/wav_16kHz/ADS/CA_Baby 4784_329.3687108316608.wav,ADS
US_Baby 4_164.8060521942662,5.7275,5.313350910455909,0.6041613886534936,0.539543057996485,69.80461015342334,6.867634496825918,577.6709953032823,89.07596267815849,1713.54798190553,380.2149211691321,2533.976052947248,315.8434226664404,207.16986597271847,92.65650947793598,../../../../../../../../Evaluation_Protocol/Code/IDS_Stimuli/wav_16kHz/ADS/US_Baby 4_164.8060521942662.wav,ADS
US_Baby 4_101.46068388606659,2.7639375,5.125682454384606,0.2269974511877219,0.46886446886446886,66.1263285865155,7.428675721233199,569.4034024415718,122.10073475014852,1483.5404407887825,396.99071740059895,2612.443507281942,244.28140946398597,187.53815038007355,76.29787441919161,../../../../../../../../Evaluation_Protocol/Code/IDS_Stimuli/wav_16kHz/ADS/US_Baby 4_101.46068388606659.wav,ADS
CA_Baby 4510_18.858192396783313,2.2995,5.369644636798596,0.06687157274519344,0.5752212389380531,58.42042871608811,7.122025448158668,567.643304858437,152.56681456757323,1741.590711785652,375.4782747305035,2785.9483375402106,203.97400766837603,161.2632419702766,75.83808709319685,../../../../../../../../Evaluation_Protocol/Code/IDS_Stimuli/wav_16kHz/ADS/CA_Baby 4510_18.858192396783313.wav,ADS
"CA_block, Baby 1810_458.0540644809489",3.4936875,5.1144079677918555,0.1774046234857724,0.33815028901734107,51.2634472663808,4.180538398082906,693.4909870316599,126.47864402656366,1558.701507132631,373.19027712417744,2726.6744550708536,486.4428171453727,182.71166406954993,66.29276952186626,"../../../../../../../../Evaluation_Protocol/Code/IDS_Stimuli/wav_16kHz/ADS/CA_block, Baby 1810_458.0540644809489.wav",ADS
"CA_yeast, Baby 3214_644.8326586228219",1.695375,5.105783951898705,0.10192124090486056,0.5240963855421686,52.93405642513126,4.096954003313262,572.4652832616677,167.72832162978972,2034.9930413405427,378.42796431636475,2709.941836630772,336.97124728808916,164.46372549412047,84.72660548210716,"../../../../../../../../Evaluation_Protocol/Code/IDS_Stimuli/wav_16kHz/ADS/CA_yeast, Baby 3214_644.8326586228219.wav",ADS
"CA_block, Baby 2874_715.1940868579853",2.475,5.404150643296776,0.119256151891501,0.4180327868852459,57.67859914163582,7.568415130096571,576.2427649077532,121.51187715708281,1858.3463857877402,364.6737548441461,2581.4753897261317,334.10385755371675,161.49805755180702,72.99346995183814,"../../../../../../../../Evaluation_Protocol/Code/IDS_Stimuli/wav_16kHz/ADS/CA_block, Baby 2874_715.1940868579853.wav",ADS
CA_Baby 2874_423.9870515300145,3.548125,5.1673683801879315,0.3073459883148275,0.5441595441595442,56.22474269666037,5.679823466267193,552.2667150341213,115.47545488442678,1595.1536484098365,483.7269515418426,2464.4952683714196,299.22106319222615,207.77880870177572,59.66311450546519,../../../../../../../../Evaluation_Protocol/Code/IDS_Stimuli/wav_16kHz/ADS/CA_Baby 2874_423.9870515300145.wav,ADS
"CA_ball, Baby 3314 at 115.838",6.43025,4.759681775999387,0.3156707720529335,0.2625,45.63590429810269,5.3755206213010025,603.1290463041524,150.32042623751258,1674.9081535318771,456.0119088718986,2659.691616781351,389.58452688268335,124.56636595439115,87.77457588602033,"../../../../../../../../Evaluation_Protocol/Code/IDS_Stimuli/wav_16kHz/ADS/CA_ball, Baby 3314 at 115.838.wav",ADS
"CA_cup, Baby 4547 at 636.615",3.114625,5.423782930012686,0.26426608197918006,0.37337662337662336,60.924637184589926,5.480152884543616,541.9173517425369,146.6536546726621,1692.749430201973,331.39519281397617,2670.445396074603,261.8375588245459,131.68618404160745,78.32893318258517,"../../../../../../../../Evaluation_Protocol/Code/IDS_Stimuli/wav_16kHz/ADS/CA_cup, Baby 4547 at 636.615.wav",ADS
"CA_whisk, Baby 2874_435.7926817225463",5.74125,5.533055187156305,0.1304213518335118,0.5131348511383538,58.40638108378032,6.81887195055362,561.1298224652978,159.87549405392707,1671.3840384441698,461.072922725952,2652.712188864763,294.7673733773412,178.07787473418142,68.34193298863495,"../../../../../../../../Evaluation_Protocol/Code/IDS_Stimuli/wav_16kHz/ADS/CA_whisk, Baby 2874_435.7926817225463.wav",ADS
CA_Baby 4510_203.56842214889127,2.202375,5.320260391317654,0.21357480441035626,0.5622119815668203,62.57292208308341,8.144596825938862,566.5290043361939,136.00703203945594,1848.4681036069057,313.777748008203,2609.5848768285673,404.15839495008674,140.8699170311971,93.73753515602917,../../../../../../../../Evaluation_Protocol/Code/IDS_Stimuli/wav_16kHz/ADS/CA_Baby 4510_203.56842214889127.wav,ADS
CA_Baby 2077_369.75832648186525,5.45525,5.21942878517584,0.6831156076919651,0.22324723247232472,54.93170381287523,6.186663987557298,616.6493800770118,115.77242433923517,1686.676287527389,360.2037125800566,2616.575299226666,336.4579673733684,172.25097528506015,62.5422213708356,../../../../../../../../Evaluation_Protocol/Code/IDS_Stimuli/wav_16kHz/ADS/CA_Baby 2077_369.75832648186525.wav,ADS
US_Baby 5_236.97966194091387,3.006,6.159859043500599,0.1995710985794208,0.6531986531986532,79.21353757359952,8.000443733821879,508.73236504055114,49.73785746252342,1532.2239268625433,430.1218542670217,2613.8282852128186,478.83544361141963,178.4641393719185,50.173233541958574,../../../../../../../../Evaluation_Protocol/Code/IDS_Stimuli/wav_16kHz/IDS/US_Baby 5_236.97966194091387.wav,IDS
US_Baby 4_75.07710244926915,2.0225,5.170511941065117,0.22375099605775775,0.4020100502512563,55.83944490121546,5.645795192132931,557.9878499873709,88.87426478837587,1734.38131439063,405.07818265211586,2994.6044853542194,419.91209278663695,207.51298631079584,50.712415871911915,../../../../../../../../Evaluation_Protocol/Code/IDS_Stimuli/wav_16kHz/IDS/US_Baby 4_75.07710244926915.wav,IDS
CA_Baby 2077_730.1956497211921,4.4301875,5.2750014392367675,0.26051224184802685,0.4818181818181818,58.34032782724507,6.279151796612293,598.4351131193258,129.0062189353328,1799.0787390169098,456.77753487457557,2849.851612063303,468.52569537757194,162.31556093758863,78.30765986739378,../../../../../../../../Evaluation_Protocol/Code/IDS_Stimuli/wav_16kHz/IDS/CA_Baby 2077_730.1956497211921.wav,IDS
US_Baby 5_450.2031223325161,2.00825,5.537667678289179,0.14121027525108507,0.7055837563451777,77.32686667111692,7.015046403754183,505.35257684402427,155.61112908860613,1285.3996414640171,516.6065907741178,2694.636540286708,509.5613912584916,249.3809415791146,71.30994641495717,../../../../../../../../Evaluation_Protocol/Code/IDS_Stimuli/wav_16kHz/IDS/US_Baby 5_450.2031223325161.wav,IDS
US_Baby 5_169.8693129177112,2.232625,5.353464339623258,0.08662647771712363,0.6681818181818182,75.92154654210931,6.470758223789142,525.1943482056087,143.5282217052315,1332.9253420569842,493.1496815036233,3081.757981534671,513.5736717153188,264.55165871862096,77.28896214603655,../../../../../../../../Evaluation_Protocol/Code/IDS_Stimuli/wav_16kHz/IDS/US_Baby 5_169.8693129177112.wav,IDS
US_Baby 4_222.11379879288614,4.04875,5.333476462505156,0.28273223182194407,0.6633416458852868,63.94631091746792,6.135618641248858,504.4630207462921,219.71491809588824,1371.4378842333026,445.3770511170834,2711.3150805254554,391.4864901754303,238.54773975537267,67.63660055507015,../../../../../../../../Evaluation_Protocol/Code/IDS_Stimuli/wav_16kHz/IDS/US_Baby 4_222.11379879288614.wav,IDS
"CA_block, Baby 4784_742.9883388969735",2.1063125,5.40310820533858,0.2689785388128601,0.14492753623188406,52.54593847138244,10.037342402808566,729.4254482924553,153.2334707822113,1142.5715942719555,203.68413974914225,3092.861110706808,150.1958270861088,117.7716528088187,49.47617295632406,"../../../../../../../../Evaluation_Protocol/Code/IDS_Stimuli/wav_16kHz/IDS/CA_block, Baby 4784_742.9883388969735.wav",IDS
US_Baby 4_379.93286628504495,4.1918125,5.2178851264471175,0.13718460765206716,0.5961538461538461,61.326881116493915,5.568268342648197,523.354624199981,178.23827962676256,1574.2607312973,451.8762284947677,2734.850634620008,522.2266201547708,238.35094641870023,56.45196553721396,../../../../../../../../Evaluation_Protocol/Code/IDS_Stimuli/wav_16kHz/IDS/US_Baby 4_379.93286628504495.wav,IDS
US_Baby 4_165.74460165260246,4.311,5.304275742228153,0.2782627048273171,0.5186915887850467,60.75526366599168,7.094115150662709,521.6893274203077,120.58878234355939,1551.6559032528314,455.4406842632189,2815.765292236887,390.5242438120997,219.6143368043094,64.99959928361899,../../../../../../../../Evaluation_Protocol/Code/IDS_Stimuli/wav_16kHz/IDS/US_Baby 4_165.74460165260246.wav,IDS
US_Baby 4_44.73969689114542,2.4276875,5.26475445772181,0.21086585372652272,0.3682008368200837,60.07715429842761,7.567456471147799,443.22926756389336,135.66418177638334,1480.1582552983937,562.3420076123505,2844.817282726028,216.8640495338268,189.04792671369356,51.93556871078569,../../../../../../../../Evaluation_Protocol/Code/IDS_Stimuli/wav_16kHz/IDS/US_Baby 4_44.73969689114542.wav,IDS
US_Baby 4_216.9059665246425,3.9295625,5.343584935803603,0.288228712803517,0.5424164524421594,64.0060877472453,6.450350195223949,480.45037980569515,143.24962361615653,1329.3964055712017,583.6242450494128,2644.0992749169086,464.41189776817436,226.00723814299474,69.55049277213641,../../../../../../../../Evaluation_Protocol/Code/IDS_Stimuli/wav_16kHz/IDS/US_Baby 4_216.9059665246425.wav,IDS
"US_train, Baby 4_327.592406919837",3.38125,5.122025227312921,0.31538598051593847,0.5611940298507463,58.32656209348565,6.981745148627296,510.4748261177269,127.52128458383928,1660.22106095047,525.557646629331,2881.6201568002994,418.79232060798955,211.0308965918434,61.40747380295464,"../../../../../../../../Evaluation_Protocol/Code/IDS_Stimuli/wav_16kHz/IDS/US_train, Baby 4_327.592406919837.wav",IDS
"CA_shoe, Baby 4547 at 11.741",1.7875625,5.453460105675318,0.33928467434045817,0.3485714285714286,56.552759756045965,6.376238635557576,550.1822857576958,136.24237532891578,1433.1487814652787,530.2307220636955,2667.5628709437206,577.2870670371618,129.47390973835834,95.9859879221214,"../../../../../../../../Evaluation_Protocol/Code/IDS_Stimuli/wav_16kHz/IDS/CA_shoe, Baby 4547 at 11.741.wav",IDS
"CA_cup, Baby 2077_100.09849529172934",3.9295625,5.381291283591893,0.47039503746121986,0.2442159383033419,52.40136288959374,7.124724093516306,583.7812765976697,157.35368616186292,1505.7075169504703,446.80094857497846,2881.193336731248,376.5212343515582,171.0019518339993,58.0744986029464,"../../../../../../../../Evaluation_Protocol/Code/IDS_Stimuli/wav_16kHz/IDS/CA_cup, Baby 2077_100.09849529172934.wav",IDS
CA_Baby 1266_386.6540619962722,2.1005,5.426873753375978,0.28180042013407114,0.4251207729468599,60.73580897811762,7.067773108930437,583.9714774923671,149.03273395717872,1628.8825991636838,397.0515605970399,2912.0587152542535,287.5903214448788,129.03596469632757,92.02402304441229,../../../../../../../../Evaluation_Protocol/Code/IDS_Stimuli/wav_16kHz/IDS/CA_Baby 1266_386.6540619962722.wav,IDS
"CA_train, Baby 4784_699.5693795626885",3.03025,5.278653473194513,0.3105083401001438,0.61,57.081542734410235,7.364257832643019,595.2161571212123,90.04286023541299,1501.4663827849326,588.164910155509,2707.99301434378,329.9277951819801,170.79838032692726,84.66276369556735,"../../../../../../../../Evaluation_Protocol/Code/IDS_Stimuli/wav_16kHz/IDS/CA_train, Baby 4784_699.5693795626885.wav",IDS
"US_ball, Baby 4_16.034320085213878",1.6410625,5.390633544623028,0.29494640930093063,0.2981366459627329,69.60779150098544,6.197206347190338,633.6540413565565,174.21413112522592,1364.5303953498371,283.7103703750535,2674.9647373528774,577.6932679854275,233.8682968862929,66.19420035697807,"../../../../../../../../Evaluation_Protocol/Code/IDS_Stimuli/wav_16kHz/IDS/US_ball, Baby 4_16.034320085213878.wav",IDS
CA_Baby 3214_81.53152246997749,3.7011875,5.401832368575997,0.5896373664849552,0.3569482288828338,61.05382594180567,7.307112443031729,587.6892936837716,117.12225385134307,1507.2125697130489,326.1160073721578,2480.1211391322663,313.1461868907636,175.45095224595886,60.41215436040864,../../../../../../../../Evaluation_Protocol/Code/IDS_Stimuli/wav_16kHz/IDS/CA_Baby 3214_81.53152246997749.wav,IDS
CA_Baby 2936_144.59510648926303,2.89175,5.21535751098514,0.29791402725626986,0.5979020979020979,56.66627884569323,7.503800044420386,667.9860408640628,111.1138715735697,1583.1118201261158,516.1163924335824,2792.3130678518205,286.27928382718835,171.1773034622931,76.52534888029388,../../../../../../../../Evaluation_Protocol/Code/IDS_Stimuli/wav_16kHz/IDS/CA_Baby 2936_144.59510648926303.wav,IDS
US_Baby 4_201.6290743132863,4.04875,5.189744655087944,0.3007385105069164,0.6708229426433915,59.49817347352319,6.656753364800835,528.0412019525181,157.54440274507658,1546.106072455303,597.2741776571196,2720.2989334042845,432.5653385387858,226.6242369346134,56.595028538612695,../../../../../../../../Evaluation_Protocol/Code/IDS_Stimuli/wav_16kHz/IDS/US_Baby 4_201.6290743132863.wav,IDS
CA_Baby 2077_486.724412738805,2.3085625,5.257736961130961,0.4437168815715875,0.23348017621145375,57.73050222079909,7.263303318717341,677.8554736010241,138.4757447264522,1785.7225490732612,505.8511228252384,2846.660932320553,329.0634604608869,124.68984920866414,56.249798891772606,../../../../../../../../Evaluation_Protocol/Code/IDS_Stimuli/wav_16kHz/IDS/CA_Baby 2077_486.724412738805.wav,IDS
US_Baby 5_193.0114402841952,3.48725,5.484011689067284,0.18403523566152505,0.4927536231884058,76.06150180846619,7.552117354343274,560.0294956660728,151.2571649789871,1595.7899932732219,530.8098799226202,2717.6057997697703,598.0970430011746,174.85261711157167,100.2553661558175,../../../../../../../../Evaluation_Protocol/Code/IDS_Stimuli/wav_16kHz/IDS/US_Baby 5_193.0114402841952.wav,IDS
CA_Baby 2077_543.2879661852369,4.1679375,5.133934067972337,0.10489979014834425,0.45036319612590797,51.99846233050112,6.470591404141509,696.5433107635738,121.76552681879564,1626.0090364206826,362.03951575456745,2782.391230088675,347.1510808839808,150.24335068544568,73.87431683113212,../../../../../../../../Evaluation_Protocol/Code/IDS_Stimuli/wav_16kHz/IDS/CA_Baby 2077_543.2879661852369.wav,IDS
CA_Baby 2077_681.3154526508381,3.1190625,5.212025496151409,0.37386390819778054,0.2435064935064935,48.96577069975916,6.357051546813951,639.5503708465603,139.34164467323632,1560.7147403412412,516.8416664129165,2984.4068352758222,318.2530573383799,134.6954966801807,65.35918760873516,../../../../../../../../Evaluation_Protocol/Code/IDS_Stimuli/wav_16kHz/IDS/CA_Baby 2077_681.3154526508381.wav,IDS
CA_Baby 2936_147.46686891933587,3.54625,5.1562639354980675,0.32990841080793154,0.5071225071225072,56.92465473742205,6.8042983064760305,657.7650892170361,128.85519595734638,1690.7325690525624,425.0519263002314,2751.7803846827114,423.4605862548579,170.85235183460375,74.14678480102754,../../../../../../../../Evaluation_Protocol/Code/IDS_Stimuli/wav_16kHz/IDS/CA_Baby 2936_147.46686891933587.wav,IDS
"CA_cup, Baby 2077_107.85705677543913",3.09525,5.738398327232842,0.28465160453740057,0.3431372549019608,55.263223004129046,6.563242380591789,588.8340226174553,165.53182897997647,1812.2275665584627,501.1983951635198,3020.06458280628,261.674997340031,136.16466279537562,61.08959354269464,"../../../../../../../../Evaluation_Protocol/Code/IDS_Stimuli/wav_16kHz/IDS/CA_cup, Baby 2077_107.85705677543913.wav",IDS
US_Baby 5_104.18135306605845,2.858125,5.52252618767068,0.20286203648987883,0.5106382978723404,79.0704064711032,5.010251238474583,586.4344281954754,180.80530041024346,1715.0109007548015,502.255830959524,2771.138735629732,518.1871795819565,209.1582336083128,54.13716611988911,../../../../../../../../Evaluation_Protocol/Code/IDS_Stimuli/wav_16kHz/IDS/US_Baby 5_104.18135306605845.wav,IDS
CA_Baby 4510_614.102959313815,1.9941875,5.53727758141893,0.2563654469116233,0.42346938775510207,57.07551415099614,8.194946287450033,473.663440017984,104.49942091537427,1629.4521682916659,522.21906725231,2968.7695982054406,381.05855563145485,109.12037228509823,70.66894099447747,../../../../../../../../Evaluation_Protocol/Code/IDS_Stimuli/wav_16kHz/IDS/CA_Baby 4510_614.102959313815.wav,IDS
US_Baby 4_502.7916898800839,3.3335625,5.165351585244008,0.2199413594125742,0.5848484848484848,59.05910626916597,5.9156657053565045,552.4616489647443,134.26568926946356,1677.4156149326768,482.6456124309252,2880.8888521250565,405.72292256192895,221.04934699377156,67.26306329315005,../../../../../../../../Evaluation_Protocol/Code/IDS_Stimuli/wav_16kHz/IDS/US_Baby 4_502.7916898800839.wav,IDS
US_Baby 5_188.7230603647254,3.0081875,5.393881980551998,0.3510016989872161,0.5993265993265994,72.57185978800806,7.666018082999386,551.3037454069813,142.7476073487685,1773.2758737803056,616.3859338236788,3012.9381613891555,461.43161037645825,190.9968374053581,78.48147625982348,../../../../../../../../Evaluation_Protocol/Code/IDS_Stimuli/wav_16kHz/IDS/US_Baby 5_188.7230603647254.wav,IDS
CA_Baby 2936_192.8653554888671,1.810625,5.474222076850554,0.3651161237730006,0.449438202247191,62.32460592280425,9.134249847975287,615.2527952523484,107.47726990132948,1233.5479894614887,416.4872594620828,2691.3349637874335,397.7837270083086,137.76507178704733,83.24707263516082,../../../../../../../../Evaluation_Protocol/Code/IDS_Stimuli/wav_16kHz/IDS/CA_Baby 2936_192.8653554888671.wav,IDS
CA_Baby 2936_335.3282845753848,1.36475,5.3708475979076775,0.24346634712650866,0.2556390977443609,56.79823463988233,5.422693145693578,647.0128022759833,177.83490846056063,1559.867706372512,397.94222695721487,2577.6217685486113,415.5770373531387,121.68220471536426,64.0302113995496,../../../../../../../../Evaluation_Protocol/Code/IDS_Stimuli/wav_16kHz/IDS/CA_Baby 2936_335.3282845753848.wav,IDS
US_Baby 5_172.08192734715217,2.4835625,5.339007607383652,0.1747565510335266,0.5061224489795918,75.2033816315919,6.230500844653626,448.5995486216953,119.27710804979029,1381.1315142242388,756.820428566954,2842.4265415879736,371.2016443466024,217.1602988083267,68.73532164486798,../../../../../../../../Evaluation_Protocol/Code/IDS_Stimuli/wav_16kHz/IDS/US_Baby 5_172.08192734715217.wav,IDS
"CA_cup, Baby 4547 at 402.557",1.6936875,5.331794326224122,0.5410837460261667,0.3072289156626506,56.62012455918206,8.053903880061615,675.0036729426799,223.13710243771857,1864.0362061664987,405.98515756018963,2838.5382027358805,329.15652840349895,106.17375702353972,50.43609285317506,"../../../../../../../../Evaluation_Protocol/Code/IDS_Stimuli/wav_16kHz/IDS/CA_cup, Baby 4547 at 402.557.wav",IDS
CA_Baby 4510_750.1077485865037,2.74625,5.549228718792798,0.3332099898299055,0.36900369003690037,52.326409012883666,7.230657267343153,562.2970638702873,178.36765570838722,1901.0050534605705,659.1135846841369,2957.9518913833713,384.571775053859,118.8299748881868,66.82640477745416,../../../../../../../../Evaluation_Protocol/Code/IDS_Stimuli/wav_16kHz/IDS/CA_Baby 4510_750.1077485865037.wav,IDS
US_Baby 4_436.27456184312365,3.715,5.371416468279218,0.06589909545372545,0.6630434782608695,63.662675700949215,6.627258679641904,493.3988188630388,135.77991802312303,1541.227563379511,512.0616278543513,2892.267518347581,470.245418796916,245.68308384201035,74.09284030360658,../../../../../../../../Evaluation_Protocol/Code/IDS_Stimuli/wav_16kHz/IDS/US_Baby 4_436.27456184312365.wav,IDS
US_Baby 4_198.62539651017852,3.0236875,5.306884544821703,0.2307377267803314,0.27424749163879597,57.96758244657543,7.000410755536906,517.1924679026006,156.8236369728937,1491.0811744988043,354.5912150309606,2663.254895309302,710.095954153003,185.66315283627821,59.883282183120826,../../../../../../../../Evaluation_Protocol/Code/IDS_Stimuli/wav_16kHz/IDS/US_Baby 4_198.62539651017852.wav,IDS
"US_shoe, Baby 4_102.45853567202916",3.262125,5.330253767428194,0.22091826018279245,0.39009287925696595,62.22624625824069,6.542128304833224,451.15267541307406,93.54897249583193,1646.4938671707298,498.5204557220802,2854.3113302720326,469.9237413682094,196.45305916916013,76.72681174056305,"../../../../../../../../Evaluation_Protocol/Code/IDS_Stimuli/wav_16kHz/IDS/US_shoe, Baby 4_102.45853567202916.wav",IDS
"CA_train, Baby 3214_391.50393768367746",2.0009375,5.485209710126811,0.244362576167556,0.5634517766497462,54.8453655260099,6.976124991976003,589.2302952168988,115.20815968389584,1805.7005703570067,577.2218065659989,2792.490168239651,301.55698891812534,177.87789095258373,83.42533477542,"../../../../../../../../Evaluation_Protocol/Code/IDS_Stimuli/wav_16kHz/IDS/CA_train, Baby 3214_391.50393768367746.wav",IDS
CA_Baby 2936_228.4663124964059,4.685,5.436098031632305,0.3817019651557895,0.7311827956989247,55.109806640821496,8.068304343903316,524.5373188444962,123.28701556368362,1268.0227632763604,637.1128378421963,2890.454478552037,277.08946645973157,186.0806220854356,62.79567999615625,../../../../../../../../Evaluation_Protocol/Code/IDS_Stimuli/wav_16kHz/IDS/CA_Baby 2936_228.4663124964059.wav,IDS
"CA_shoe, Baby 1266_268.5571572972691",2.279875,5.582788820818025,0.31602839995303555,0.48214285714285715,60.6001039040677,5.39079171188512,575.1825025014234,165.72651644606415,1542.5901395816452,463.6120617340297,2707.091408024172,366.0034722364775,110.67182475834197,94.32764572875143,"../../../../../../../../Evaluation_Protocol/Code/IDS_Stimuli/wav_16kHz/IDS/CA_shoe, Baby 1266_268.5571572972691.wav",IDS
CA_Baby 2936_3.5141170515042672,6.6081875,5.521887728335814,0.3209586890639663,0.365296803652968,55.82766508011461,7.365170549752129,649.0731374354383,205.83827493651873,1622.882293248919,503.05255755468716,2673.8017697993246,415.47130883034504,114.74128653715177,69.86151261783967,../../../../../../../../Evaluation_Protocol/Code/IDS_Stimuli/wav_16kHz/IDS/CA_Baby 2936_3.5141170515042672.wav,IDS
CA_Baby 2077_14.879063232058567,3.810375,5.286245289119963,0.3991776423368439,0.30687830687830686,53.1579402872813,5.56349603883745,589.7744201627416,127.36066566584397,1558.325987968657,549.8969502374955,2701.7935999456745,447.4122235820901,156.75055141009133,74.54719329892679,../../../../../../../../Evaluation_Protocol/Code/IDS_Stimuli/wav_16kHz/IDS/CA_Baby 2077_14.879063232058567.wav,IDS
"US_whisk, Baby 4_342.74093378124553",2.928375,5.34679703938487,0.2508295948860702,0.5294117647058824,61.92791402920048,4.9241244230114924,534.7496306422801,141.8489314290593,1650.0598983263826,580.5063891429085,2898.5395309701803,379.6518673789374,216.15509594086092,63.63215978745152,"../../../../../../../../Evaluation_Protocol/Code/IDS_Stimuli/wav_16kHz/IDS/US_whisk, Baby 4_342.74093378124553.wav",IDS
US_Baby 4_345.6492426006938,3.5004375,5.170874909744841,0.21959767325559335,0.3025936599423631,62.43307242189759,7.002525946950102,598.7819430284741,143.99289674854072,1293.882731476673,327.5412285902437,2689.33691956838,600.5661370597778,218.4602760812556,58.82564054581439,../../../../../../../../Evaluation_Protocol/Code/IDS_Stimuli/wav_16kHz/IDS/US_Baby 4_345.6492426006938.wav,IDS
"CA_cup, Baby 3214_38.59791647608294",2.8879375,5.006088413553692,0.46423417325563626,0.1543859649122807,53.981987294776516,7.408971197690628,601.5625544113943,209.04216183565572,1495.3463297398011,223.55699758970513,2671.853414420615,244.2409041407248,153.07893665676588,57.44969460245209,"../../../../../../../../Evaluation_Protocol/Code/IDS_Stimuli/wav_16kHz/IDS/CA_cup, Baby 3214_38.59791647608294.wav",IDS
"US_yeast, Baby 5_347.82013131422985",1.89975,5.563629621042079,0.14849676693937952,0.7258064516129032,77.64969723643443,6.347558424070423,442.6940731255211,169.05884281122167,1383.40763688491,353.9026861141742,2619.8874724759658,512.2657421283144,211.15595925415298,77.81957851908058,"../../../../../../../../Evaluation_Protocol/Code/IDS_Stimuli/wav_16kHz/IDS/US_yeast, Baby 5_347.82013131422985.wav",IDS
"CA_shoe, Baby 4510_534.6349019034208",2.966,5.604098308826009,0.3488850106102918,0.3651877133105802,54.42121119341546,6.256013977559669,712.7164782799825,250.9287848571726,1654.767313299163,517.3833576272453,2860.389538009268,509.7238333089736,116.31576207072847,78.36693001787098,"../../../../../../../../Evaluation_Protocol/Code/IDS_Stimuli/wav_16kHz/IDS/CA_shoe, Baby 4510_534.6349019034208.wav",IDS
"US_shoe, Baby 4_82.97503226141973",4.287125,5.1655636842621835,0.3057874644492586,0.48,63.24318922371039,6.509272599212283,515.1344102591471,122.19411405625893,1495.2218291304628,474.97925735356046,2867.1065889680035,517.5014244941841,232.67759803755172,74.81456237760834,"../../../../../../../../Evaluation_Protocol/Code/IDS_Stimuli/wav_16kHz/IDS/US_shoe, Baby 4_82.97503226141973.wav",IDS
CA_Baby 1266_297.497131311381,2.882125,5.546335019554046,0.36736282658090064,0.6280701754385964,59.61374674261037,5.574405578570931,562.2880783877172,130.02262365730783,1672.583024077236,355.59443721744174,2828.413970397361,503.05383096936754,157.32309502376188,57.067306104800394,../../../../../../../../Evaluation_Protocol/Code/IDS_Stimuli/wav_16kHz/IDS/CA_Baby 1266_297.497131311381.wav,IDS
CA_Baby 2077_879.5171532966713,2.451625,5.448298374309401,0.33816206238417595,0.45041322314049587,57.12671689438705,5.542091507885854,599.0067582084771,147.77926836762597,1669.8793100473151,369.18174908028436,2792.4537210742565,344.79612901364425,152.0007145206438,75.06061387923313,../../../../../../../../Evaluation_Protocol/Code/IDS_Stimuli/wav_16kHz/IDS/CA_Baby 2077_879.5171532966713.wav,IDS
CA_Baby 2077_287.0942149788068,2.9760625,5.2953120928522,0.3180427663206661,0.2789115646258503,55.22238568207675,6.039731899875464,602.8407279873771,113.87258296802882,1449.1136546815555,522.565007183614,2996.051992672353,290.5502475851504,171.69011069939353,55.440483441539136,../../../../../../../../Evaluation_Protocol/Code/IDS_Stimuli/wav_16kHz/IDS/CA_Baby 2077_287.0942149788068.wav,IDS
CA_Baby 2936_99.56910174909278,2.520125,5.418693398441629,0.3294443089295876,0.42168674698795183,57.53532768962952,7.79474790065253,606.6851533452889,143.72771401234138,1392.4048756282193,496.86526105839914,2562.292473714549,459.185195417095,140.1612060621448,85.73426559652475,../../../../../../../../Evaluation_Protocol/Code/IDS_Stimuli/wav_16kHz/IDS/CA_Baby 2936_99.56910174909278.wav,IDS
"US_train, Baby 4_324.2806594621357",2.57075,5.297579586938375,0.19858477382850165,0.4448818897637795,59.247448663572435,7.567703116602918,497.027111407662,185.75845124577287,1665.3517851126492,476.13825554583735,3025.6560302779767,346.0916129032474,195.71772718456253,57.16941014163996,"../../../../../../../../Evaluation_Protocol/Code/IDS_Stimuli/wav_16kHz/IDS/US_train, Baby 4_324.2806594621357.wav",IDS
CA_Baby 2936_417.8743349932715,1.647375,5.503973969096781,0.38892493479060203,0.5279503105590062,68.98603246058482,6.279393724869452,609.8090757382647,109.85785215176006,1626.0252454289339,380.91262475158845,2478.1928554193014,344.7569628491087,149.8803978580322,80.24941758556598,../../../../../../../../Evaluation_Protocol/Code/IDS_Stimuli/wav_16kHz/IDS/CA_Baby 2936_417.8743349932715.wav,IDS
CA_Baby 2077_900.3117780947271,3.38125,5.566466252367505,0.45083207746296466,0.2955223880597015,57.183659019800835,7.453896844174946,539.0282289421432,117.83425125727584,1655.2344643000372,520.7869900944845,2828.560330227082,373.6944760683923,127.45357849720382,76.25953091192319,../../../../../../../../Evaluation_Protocol/Code/IDS_Stimuli/wav_16kHz/IDS/CA_Baby 2077_900.3117780947271.wav,IDS
CA_Baby 1266_154.14809393032257,2.08475,5.5405590694560365,0.4450845731180971,0.48292682926829267,55.201635028017925,7.872590074296118,449.9643395561549,60.744530289598536,1776.3988560822302,499.37153980451967,3123.704005863699,333.13355232241975,139.45169931192422,61.10709209047516,../../../../../../../../Evaluation_Protocol/Code/IDS_Stimuli/wav_16kHz/IDS/CA_Baby 1266_154.14809393032257.wav,IDS
"CA_train, Baby 2077_401.6461644731435",2.57075,5.355881710083883,0.3216344714765294,0.4015748031496063,54.772428156010385,7.0896894195370805,579.5044895802557,134.53230786715787,2077.7354839601394,451.99736202475077,3067.836686602185,250.14623335897593,152.53982601733045,68.6597567047431,"../../../../../../../../Evaluation_Protocol/Code/IDS_Stimuli/wav_16kHz/IDS/CA_train, Baby 2077_401.6461644731435.wav",IDS
CA_Baby 2077_740.8185060018474,2.8568125,5.295873666921962,0.3112467157502458,0.3120567375886525,57.56994917753753,5.8776229174202905,620.4083812844278,156.37318527980113,1947.989769202176,373.4307323125643,2739.494769514567,467.79866406177587,145.65494368993612,75.023761686035,../../../../../../../../Evaluation_Protocol/Code/IDS_Stimuli/wav_16kHz/IDS/CA_Baby 2077_740.8185060018474.wav,IDS
CA_Baby 1810_792.9934263350068,1.83,5.5186836466596025,0.24808228617919154,0.5666666666666667,56.31824535015643,6.28134853295255,679.1925299293464,134.39454978138906,1702.2440925263816,535.4684621595633,3075.7803142525904,310.8378684420179,167.4268459089026,99.08644689210423,../../../../../../../../Evaluation_Protocol/Code/IDS_Stimuli/wav_16kHz/IDS/CA_Baby 1810_792.9934263350068.wav,IDS
"US_block, Baby 4_494.49767506211765",4.2633125,5.156223740210224,0.2832551099472494,0.541371158392435,60.418536143641056,6.77418613250954,499.9289868621282,105.17317407348001,1650.2319687976972,498.7054736737191,2920.642963837575,325.43872950311356,220.92112074149915,55.450379114976634,"../../../../../../../../Evaluation_Protocol/Code/IDS_Stimuli/wav_16kHz/IDS/US_block, Baby 4_494.49767506211765.wav",IDS
"CA_ball, Baby 3214_155.2472667014158",3.14475,5.229135147801334,0.38117045103312586,0.26366559485530544,62.12558084989876,8.523619433811614,706.9330745127777,124.12062310924587,1192.378964276116,281.9633977024085,2701.919527201467,244.3891755683881,165.47551469407935,73.72378266906547,"../../../../../../../../Evaluation_Protocol/Code/IDS_Stimuli/wav_16kHz/IDS/CA_ball, Baby 3214_155.2472667014158.wav",IDS
US_Baby 4_189.90045545569708,4.477875,5.199587340520696,0.23778524325995692,0.7252252252252253,62.390154160956904,6.151185921531595,472.29635158257105,149.47109058761393,1399.405362532445,493.21963605750864,2785.1848450718458,429.2674672451447,242.44463609716314,56.83073881224936,../../../../../../../../Evaluation_Protocol/Code/IDS_Stimuli/wav_16kHz/IDS/US_Baby 4_189.90045545569708.wav,IDS
CA_Baby 2077_787.8539591923895,1.927125,5.6781937691954285,0.2545085389056439,0.36507936507936506,53.358297325517434,7.810659578619492,626.759589449911,100.89049750329792,1767.4391593108644,540.6485875983467,2977.2336209212126,308.0569105640071,174.28201448418665,49.43606502501947,../../../../../../../../Evaluation_Protocol/Code/IDS_Stimuli/wav_16kHz/IDS/CA_Baby 2077_787.8539591923895.wav,IDS
CA_Baby 1266_162.60786237046568,2.988125,5.506779501050863,0.402624080154151,0.4271186440677966,60.168998010056896,6.906944667222033,468.6614264038264,79.03506055387027,1421.819573453839,544.6198176821367,3035.040713349928,387.6024868810345,122.16079847245335,73.2991756989437,../../../../../../../../Evaluation_Protocol/Code/IDS_Stimuli/wav_16kHz/IDS/CA_Baby 1266_162.60786237046568.wav,IDS
US_Baby 5_89.85002439231228,1.711125,5.7569038844995015,0.24840450636184766,0.6607142857142857,75.79925800852008,6.768170484861969,659.662150745785,154.35398626572055,1727.1350114242805,451.57340895894964,2769.9333369877086,499.1079409095063,203.99987047162983,36.83184777623493,../../../../../../../../Evaluation_Protocol/Code/IDS_Stimuli/wav_16kHz/IDS/US_Baby 5_89.85002439231228.wav,IDS
"CA_ball, Baby 2936_296.0815847200069",2.4963125,5.4902225374715465,0.29390914321148737,0.5975609756097561,61.4702311489393,7.315355196115416,597.8093618705591,159.56251203849834,1481.8748475735124,516.2306359603024,2617.4553107601864,550.5903255383172,163.6167157179993,78.03992022945242,"../../../../../../../../Evaluation_Protocol/Code/IDS_Stimuli/wav_16kHz/IDS/CA_ball, Baby 2936_296.0815847200069.wav",IDS
CA_Baby 1810_1148.7826767146175,1.50625,5.490594406197567,0.25164963456876344,0.3877551020408163,51.72958658492544,8.267316316559388,625.794248653984,142.50378514132453,1918.3000625409613,298.00398042200703,2984.019705011933,418.3056468055833,122.17052754993975,63.17455322573969,../../../../../../../../Evaluation_Protocol/Code/IDS_Stimuli/wav_16kHz/IDS/CA_Baby 1810_1148.7826767146175.wav,IDS
US_Baby 5_202.56565007451687,4.128875,5.360167686063622,0.2426446235859899,0.5941320293398533,76.81956676946163,7.553244760221851,612.3489031237518,139.87077079914587,1508.3994107563944,465.2369397833842,2720.44973375309,515.8363710240368,228.14959724949549,81.1541109100174,../../../../../../../../Evaluation_Protocol/Code/IDS_Stimuli/wav_16kHz/IDS/US_Baby 5_202.56565007451687.wav,IDS
CA_Baby 2936_155.95953433497698,3.60125,5.303214485410833,0.42615842126670544,0.6302521008403361,57.52448912564492,7.761351537683105,730.735219118983,157.62123504751128,1636.392970454865,453.27301546127,2567.7429897073416,443.4942104176547,149.97614735610287,69.11257281575139,../../../../../../../../Evaluation_Protocol/Code/IDS_Stimuli/wav_16kHz/IDS/CA_Baby 2936_155.95953433497698.wav,IDS
CA_Baby 2936_316.2384873069083,3.341125,5.358376205643565,0.20810399154215461,0.3323262839879154,48.55129439998927,6.7472171556302465,854.2943200839143,209.63248464092018,2022.8272041971627,364.3021278632305,3003.737291409636,344.95961452224435,79.33304619044763,39.77063563697194,../../../../../../../../Evaluation_Protocol/Code/IDS_Stimuli/wav_16kHz/IDS/CA_Baby 2936_316.2384873069083.wav,IDS
US_Baby 4_458.45182670125496,3.0951875,5.226738904815882,0.1300152169307541,0.5326797385620915,65.20002810024273,6.885527300384032,547.4382821079929,100.51084596442062,1340.6081112073493,359.51937852125445,2654.2193209225024,651.4398708089512,240.55393984598518,90.40138230113827,../../../../../../../../Evaluation_Protocol/Code/IDS_Stimuli/wav_16kHz/IDS/US_Baby 4_458.45182670125496.wav,IDS
CA_Baby 4510_639.5356066570439,2.3075625,5.4232568281113505,0.19881494898212812,0.43612334801762115,54.67699147136894,5.951605502415993,559.7064043650342,143.99183539466532,1578.1973679507603,511.5189475715063,2929.4430867132737,391.27951462662185,133.63759826030156,78.98681336641279,../../../../../../../../Evaluation_Protocol/Code/IDS_Stimuli/wav_16kHz/IDS/CA_Baby 4510_639.5356066570439.wav,IDS
"US_ball, Baby 5_379.32423854994346",2.3674375,5.709810401359782,0.1317572232205047,0.7811158798283262,79.31701242801428,7.849956065213837,435.40472450594643,118.30280503720326,1170.71054306736,403.093693737318,2443.403560919481,576.0495957277681,268.3506360826595,69.77457751911263,"../../../../../../../../Evaluation_Protocol/Code/IDS_Stimuli/wav_16kHz/IDS/US_ball, Baby 5_379.32423854994346.wav",IDS
CA_Baby 2077_653.2399541887826,3.2171875,5.553544648686816,0.490937979328591,0.41509433962264153,59.13898893939797,7.066535262549253,613.1097202200438,156.11601938081142,1882.3736595078708,505.38164917084896,2864.1424284474647,366.9385934037687,119.90837731143029,86.11449938604508,../../../../../../../../Evaluation_Protocol/Code/IDS_Stimuli/wav_16kHz/IDS/CA_Baby 2077_653.2399541887826.wav,IDS
US_Baby 4_154.80632070178874,3.5573125,5.276643852516443,0.16529996037321426,0.45170454545454547,61.037210020983466,5.394105078651313,529.4191482460475,156.0249454087172,1737.9433690581202,591.0902013734351,2843.200173518406,548.854174439437,219.52898579458994,64.64155244186935,../../../../../../../../Evaluation_Protocol/Code/IDS_Stimuli/wav_16kHz/IDS/US_Baby 4_154.80632070178874.wav,IDS
CA_Baby 4510_542.4133794672472,2.4150625,5.472976440387449,0.36804966964014413,0.3025210084033613,54.75369320076714,6.141615789513989,554.237896659573,93.019909796585,1619.8594465329686,275.6258378204788,2756.8023520059555,367.4701569897546,115.1072097120255,71.50314260200565,../../../../../../../../Evaluation_Protocol/Code/IDS_Stimuli/wav_16kHz/IDS/CA_Baby 4510_542.4133794672472.wav,IDS
CA_Baby 2936_406.04803014416336,2.57075,5.593170793289344,0.32231499017501375,0.5551181102362205,60.794731406800395,7.081283635802197,567.2877238981738,130.15735252198118,1411.177515690318,669.2222664477613,2726.628931550824,524.5360521196328,137.65640322496898,73.6687241549996,../../../../../../../../Evaluation_Protocol/Code/IDS_Stimuli/wav_16kHz/IDS/CA_Baby 2936_406.04803014416336.wav,IDS
US_Baby 4_537.4713818314366,2.688125,5.335213429568035,0.19961425294746496,0.6452830188679245,62.45358083861884,6.047945180694303,462.31533993593024,135.45670967779833,1483.5806843160822,452.01964115334613,2724.272126711071,409.0148236727163,238.06286170047937,62.919944347237745,../../../../../../../../Evaluation_Protocol/Code/IDS_Stimuli/wav_16kHz/IDS/US_Baby 4_537.4713818314366.wav,IDS
CA_Baby 2077_639.308111816499,3.071375,5.297898551457404,0.38078730829035934,0.2993421052631579,48.75404976077125,6.731144059991905,612.277913178277,107.71856072050333,2179.3757261646274,423.6650116179599,3057.4206412840867,234.37134199205636,152.651898927352,40.919278422130304,../../../../../../../../Evaluation_Protocol/Code/IDS_Stimuli/wav_16kHz/IDS/CA_Baby 2077_639.308111816499.wav,IDS
CA_Baby 1810_880.1674289728155,3.0098125,5.350011210984024,0.12646913318133374,0.6296296296296297,58.25317131787448,7.040421624644637,615.5366977849391,122.89043888101052,1540.950844579989,455.9392928632511,3005.9450358844,209.6853749742337,178.71570421741225,104.9583158127916,../../../../../../../../Evaluation_Protocol/Code/IDS_Stimuli/wav_16kHz/IDS/CA_Baby 1810_880.1674289728155.wav,IDS
US_Baby 4_532.1076975332735,5.38375,5.235948099960516,0.17314860442043212,0.4934579439252336,62.46553243498031,7.351024233869463,487.8966813191908,126.60363205093117,1526.2173785547327,456.245127910859,2488.8100894317786,562.0303348907703,206.12832016690962,88.58939752692281,../../../../../../../../Evaluation_Protocol/Code/IDS_Stimuli/wav_16kHz/IDS/US_Baby 4_532.1076975332735.wav,IDS
US_Baby 4_527.5306735604257,4.5970625,5.197286359577979,0.27984903523779364,0.6228070175438597,62.38631329802229,6.550347866787419,578.5835803873578,213.57811090722385,1351.9665153548378,377.8094389565424,2627.4120493497194,451.252713646112,224.9945751225223,72.09475790795835,../../../../../../../../Evaluation_Protocol/Code/IDS_Stimuli/wav_16kHz/IDS/US_Baby 4_527.5306735604257.wav,IDS
"US_ball, Baby 4_36.49519137179645",1.9748125,5.239636632349009,0.310691014437371,0.41237113402061853,59.374856472510636,5.614171992638289,597.6358495789033,103.9329777255385,1383.1351146335842,327.96639743585735,2925.0383190618377,451.7695902419559,223.8192332847908,59.979417207170734,"../../../../../../../../Evaluation_Protocol/Code/IDS_Stimuli/wav_16kHz/IDS/US_ball, Baby 4_36.49519137179645.wav",IDS
CA_Baby 2077_298.43773570482466,3.572,5.442792771674711,0.34645592463541613,0.4322033898305085,47.17341910823783,6.46201297865433,543.1582971968842,122.31560912784667,1815.08281796348,443.19294314950594,2898.640690835827,310.6713870310301,166.94659344355705,53.928412885739974,../../../../../../../../Evaluation_Protocol/Code/IDS_Stimuli/wav_16kHz/IDS/CA_Baby 2077_298.43773570482466.wav,IDS
US_Baby 4_152.78003996692723,2.0463125,5.220940120986782,0.20197429465435535,0.5223880597014925,60.70805718244218,4.717064963058731,541.2467062892313,117.23971476186253,1754.944519597202,620.0644713046805,2760.874103114565,397.6171073359686,222.819759225662,60.16158793593621,../../../../../../../../Evaluation_Protocol/Code/IDS_Stimuli/wav_16kHz/IDS/US_Baby 4_152.78003996692723.wav,IDS
"CA_shoe, Baby 4547 at 32.820",3.489625,5.364490764544149,0.20473613725296272,0.8202898550724638,60.91790036278394,4.900870881690359,451.9196825284444,76.91984875275823,1526.0982064482598,629.828703409098,2923.2327700029555,334.2791142670697,175.68775909736146,107.67975563346036,"../../../../../../../../Evaluation_Protocol/Code/IDS_Stimuli/wav_16kHz/IDS/CA_shoe, Baby 4547 at 32.820.wav",IDS
CA_Baby 1810_1017.5754052263309,2.83825,5.5060527376116895,0.2502975924791699,0.5785714285714286,55.76621365059168,7.286069836322698,558.5802161725594,151.0807650411487,1390.905467113709,491.00613138707115,2938.275387481362,257.6550448077787,200.6478674188959,99.2611931062508,../../../../../../../../Evaluation_Protocol/Code/IDS_Stimuli/wav_16kHz/IDS/CA_Baby 1810_1017.5754052263309.wav,IDS
"CA_shoe, Baby 2077_478.73114244939586",4.5731875,5.201236125801286,0.47642072608742003,0.2687224669603524,55.441716875551805,6.770732446731301,523.31943249905,101.77896780113915,2044.8189689197968,647.4005493588573,3175.1455176282075,250.79290128761744,119.20445597011722,90.57290597401284,"../../../../../../../../Evaluation_Protocol/Code/IDS_Stimuli/wav_16kHz/IDS/CA_shoe, Baby 2077_478.73114244939586.wav",IDS
US_Baby 5_349.8681104663433,3.36175,5.5141184241649945,0.284878022104001,0.6786786786786787,79.50758305416376,6.286027373673179,530.5497401012503,168.15035845513455,1516.4440903306763,533.0773347413988,2572.082363578109,536.5067023011252,214.65366658093376,71.66553450219878,../../../../../../../../Evaluation_Protocol/Code/IDS_Stimuli/wav_16kHz/IDS/US_Baby 5_349.8681104663433.wav,IDS
US_Baby 5_60.95494937104302,2.5296875,5.804066199978285,0.29423199420019386,0.6024096385542169,76.0296132837516,7.93458558248547,552.0284346990925,145.7589004547675,1494.0001459348882,414.25048805019827,2601.6094327454302,568.951846402019,186.56361154769152,72.37452062685063,../../../../../../../../Evaluation_Protocol/Code/IDS_Stimuli/wav_16kHz/IDS/US_Baby 5_60.95494937104302.wav,IDS
CA_Baby 4510_836.1680079319436,3.2524375,5.423788968356143,0.2219111299754629,0.5,57.00202576061251,6.7419394319155055,594.9441874185361,140.4662395330021,1519.8367336678837,385.5620641049733,2801.784586617775,539.8804715044488,141.79482031350267,72.6976124030968,../../../../../../../../Evaluation_Protocol/Code/IDS_Stimuli/wav_16kHz/IDS/CA_Baby 4510_836.1680079319436.wav,IDS
"US_cup, Baby 5_126.14468943267546",2.001375,5.6202391830945775,0.31920668256349183,0.6548223350253807,75.23748177146867,7.6994385463995005,609.9321588967216,130.3109330435161,1481.951014144825,465.53608654933356,2617.2424568092897,481.1361816337764,249.4933658726849,61.85755574943094,"../../../../../../../../Evaluation_Protocol/Code/IDS_Stimuli/wav_16kHz/IDS/US_cup, Baby 5_126.14468943267546.wav",IDS
US_Baby 5_231.4298284816723,1.945875,5.499467910981509,0.20840073240187004,0.3298429319371728,76.60814460501166,8.56438377512271,537.6316361911007,133.50633562444452,1442.7078056863918,688.2953952931803,2699.1277392426973,441.4843490643076,191.9303882967794,37.39176071325965,../../../../../../../../Evaluation_Protocol/Code/IDS_Stimuli/wav_16kHz/IDS/US_Baby 5_231.4298284816723.wav,IDS
CA_Baby 2077_627.1174028986043,2.4991875,5.7582373191548,0.09298106308815625,0.3861788617886179,63.02658789782962,6.48982559552204,589.7592554068016,106.29278328247524,1574.7619436774914,589.5297858591654,3039.787593488053,312.2018083027901,151.50060057247964,61.83741817754071,../../../../../../../../Evaluation_Protocol/Code/IDS_Stimuli/wav_16kHz/IDS/CA_Baby 2077_627.1174028986043.wav,IDS
"US_whisk, Baby 4_371.6131959736724",4.0010625,5.26443024752686,0.18559179939843248,0.3677581863979849,60.23001167708348,6.778542912020993,547.8962782440353,94.5722048389679,1490.3919195388787,357.0669074302336,2814.2043711675133,526.6598710067716,206.2255564778343,73.04856291900172,"../../../../../../../../Evaluation_Protocol/Code/IDS_Stimuli/wav_16kHz/IDS/US_whisk, Baby 4_371.6131959736724.wav",IDS
US_Baby 4_194.358287668529,4.287125,5.324415818605971,0.20812429243748962,0.5223529411764706,63.78181290965682,7.5694399733352595,487.55976479853126,160.83381001915836,1484.8442438895368,471.0190046663925,2546.737752595961,629.301293391459,211.09310495612925,96.84010056668356,../../../../../../../../Evaluation_Protocol/Code/IDS_Stimuli/wav_16kHz/IDS/US_Baby 4_194.358287668529.wav,IDS
"US_cup, Baby 4_405.8106227338113",2.4754375,5.163361103857104,0.24394613512334462,0.5245901639344263,60.6266828676405,5.959963464298828,577.3260720028643,133.56947672885877,1377.3439057204248,416.667130979501,2658.448169367043,599.5228114493649,237.71117903851842,64.19993262680995,"../../../../../../../../Evaluation_Protocol/Code/IDS_Stimuli/wav_16kHz/IDS/US_cup, Baby 4_405.8106227338113.wav",IDS
CA_Baby 1810_662.77102273508,2.345125,5.390335276627631,0.4405530053769406,0.6536796536796536,49.2230519802293,5.485479278925139,692.3865506355197,296.754797721284,1650.6101228835607,524.127845351789,3051.6926636141015,301.3391466028454,174.2612498487299,73.55978334060376,../../../../../../../../Evaluation_Protocol/Code/IDS_Stimuli/wav_16kHz/IDS/CA_Baby 1810_662.77102273508.wav,IDS
CA_Baby 1266_290.9275872076564,2.6268125,5.476607024663447,0.3280437880608527,0.4594594594594595,58.6123505160389,5.9516860545706205,476.3239474037161,103.14046418425606,1610.6222308058927,611.3772958069405,2785.5260487479,411.66302738449167,133.6633334239328,83.05772524922769,../../../../../../../../Evaluation_Protocol/Code/IDS_Stimuli/wav_16kHz/IDS/CA_Baby 1266_290.9275872076564.wav,IDS
CA_Baby 3314 at 568.463,2.4681875,5.287585843991665,0.2465980674403057,0.3374485596707819,45.7731408815793,4.577332729143852,512.1738007059942,154.82489609782107,1653.0208037601283,508.0997717038746,2876.244296330525,287.9949212938567,108.93434825262636,65.50071110188703,../../../../../../../../Evaluation_Protocol/Code/IDS_Stimuli/wav_16kHz/IDS/CA_Baby 3314 at 568.463.wav,IDS
"US_ball, Baby 4_58.10583836671947",2.8568125,5.337513710297168,0.23913350508029926,0.5283687943262412,60.66973184772566,5.9358540446037775,557.515781874276,133.4723188065879,1570.4419331055822,478.02383921370966,2921.2562460719687,546.3109281706915,233.12154685183688,63.6282884508737,"../../../../../../../../Evaluation_Protocol/Code/IDS_Stimuli/wav_16kHz/IDS/US_ball, Baby 4_58.10583836671947.wav",IDS
"US_globe, Baby 4_146.74887495610417",4.5255625,5.167253093662637,0.3121482868738404,0.6547884187082406,60.79763361200413,6.338360763484874,503.75346022180713,126.37384439459626,1451.951772748735,397.71180171007626,2900.267351899971,405.82177515753835,245.1167533751794,63.428164608770835,"../../../../../../../../Evaluation_Protocol/Code/IDS_Stimuli/wav_16kHz/IDS/US_globe, Baby 4_146.74887495610417.wav",IDS
"US_flag, Baby 4_231.4823673670105",2.49925,5.266299398898618,0.1781003877849976,0.516260162601626,65.13844359100246,6.459155736217452,528.6150126938516,193.49971389207482,1633.61708866631,536.8603822005417,2721.083842808182,395.85357763534535,227.2975670156447,56.430484268063445,"../../../../../../../../Evaluation_Protocol/Code/IDS_Stimuli/wav_16kHz/IDS/US_flag, Baby 4_231.4823673670105.wav",IDS
US_Baby 4_143.24641872335704,3.2364375,5.2434961476500535,0.332430012102718,0.628125,59.362949847300015,6.241628789679952,554.843979023074,135.68666642822112,1593.8312500793504,452.0725569297912,2958.4327928812504,397.2026860881673,225.50568487863694,68.1658873586684,../../../../../../../../Evaluation_Protocol/Code/IDS_Stimuli/wav_16kHz/IDS/US_Baby 4_143.24641872335704.wav,IDS
"US_train, Baby 4_269.0538859282394",1.61725,5.40612192651256,0.2753159776976312,0.6012658227848101,62.001153187338375,6.921445370755037,435.56196779081324,116.31395417528272,1608.6637398329342,560.4896044412668,2697.5798271853255,265.82328176898176,204.150384008661,75.04468687994766,"../../../../../../../../Evaluation_Protocol/Code/IDS_Stimuli/wav_16kHz/IDS/US_train, Baby 4_269.0538859282394.wav",IDS
"CA_shoe, Baby 2936_435.60356292496397",1.582,5.630105993862058,0.27674674605597493,0.4967741935483871,61.334802390685404,9.134546145043274,585.6513406216476,130.1937230995392,1668.0011753473302,581.508176055669,2844.9026970042128,409.7337166791403,150.7361594212854,72.8119021142644,"../../../../../../../../Evaluation_Protocol/Code/IDS_Stimuli/wav_16kHz/IDS/CA_shoe, Baby 2936_435.60356292496397.wav",IDS
US_Baby 4_109.9676936894571,3.5628125,5.1744338874480675,0.11847154903436853,0.4702549575070821,56.51863408022206,6.5618884818536385,493.35763788091606,154.83389522231113,1824.081067054763,529.9711926516387,2963.8301566809937,349.6069057907634,198.99667589188223,53.798157209792436,../../../../../../../../Evaluation_Protocol/Code/IDS_Stimuli/wav_16kHz/IDS/US_Baby 4_109.9676936894571.wav,IDS
US_Baby 5_208.5120212796304,3.31225,5.439807577273553,0.3112070023024208,0.5182926829268293,76.67288361790847,7.581272393219049,560.3648777913234,216.46116528106674,1550.718110789235,442.34890952009823,3037.724493171997,383.75111096898405,208.3656513270787,59.75081188840909,../../../../../../../../Evaluation_Protocol/Code/IDS_Stimuli/wav_16kHz/IDS/US_Baby 5_208.5120212796304.wav,IDS
CA_Baby 1266_344.7847490735958,1.9434375,5.4787555159025585,0.1942823703544044,0.29842931937172773,56.88925578666211,8.403158210863552,560.5322178328993,93.59384581104283,1966.9330285552578,317.7410482491438,3017.5841051252505,546.8172771576509,130.32858310572766,45.83929184561958,../../../../../../../../Evaluation_Protocol/Code/IDS_Stimuli/wav_16kHz/IDS/CA_Baby 1266_344.7847490735958.wav,IDS
"US_cup, Baby 5_101.82931237904873",1.7068125,5.556423706971128,0.5959133248137103,0.10179640718562874,75.83441930095763,9.043694715359972,772.1605957950734,108.10908579213803,1441.887636622189,342.5527846066942,2249.0837954705853,722.7327469793736,190.36343416666747,42.064985810258875,"../../../../../../../../Evaluation_Protocol/Code/IDS_Stimuli/wav_16kHz/IDS/US_cup, Baby 5_101.82931237904873.wav",IDS
US_Baby 4_21.772095962819797,1.8079375,5.293396954620555,0.2715853187373695,0.6045197740112994,59.02723616653916,6.358301977536013,521.5478822754612,135.43152703089547,1663.1187530175619,478.346573809222,2920.627423439069,387.63017165836976,225.12252328623478,58.02361344396225,../../../../../../../../Evaluation_Protocol/Code/IDS_Stimuli/wav_16kHz/IDS/US_Baby 4_21.772095962819797.wav,IDS
US_Baby 4_349.12969234141605,4.6685625,5.287894452061394,0.1593749063148731,0.48812095032397407,61.62047999378843,7.0700118326569905,536.9896246393813,148.61898335614842,1392.985827513954,401.5347126852138,2882.8479991108497,391.5629838005876,225.5670548869385,65.33111669952076,../../../../../../../../Evaluation_Protocol/Code/IDS_Stimuli/wav_16kHz/IDS/US_Baby 4_349.12969234141605.wav,IDS
"CA_ball, Baby 2077_132.31916232186742",7.4099375,5.09579125916109,0.2730326095246641,0.3622795115332429,50.3421821350261,6.104901337558984,613.2661620651664,119.81444995579774,1713.3069824411793,491.9179138076506,2823.254538887624,284.261752323476,151.54761164473604,68.39172973272423,"../../../../../../../../Evaluation_Protocol/Code/IDS_Stimuli/wav_16kHz/IDS/CA_ball, Baby 2077_132.31916232186742.wav",IDS
CA_Baby 4510_579.3790731401354,1.9119375,5.555289764720335,0.41372669497661396,0.48936170212765956,52.464954267868634,7.658564008433572,572.7248847257108,118.01969217356283,1559.7901051048157,384.87284760642956,2825.0525650385366,396.8664392526518,138.74812008721253,67.85415905580831,../../../../../../../../Evaluation_Protocol/Code/IDS_Stimuli/wav_16kHz/IDS/CA_Baby 4510_579.3790731401354.wav,IDS
"US_shoe, Baby 4_79.6376286981184",2.1416875,5.2751362888015185,0.2624968618607612,0.44549763033175355,62.33462250642381,6.216118563772554,407.63537368193937,61.22849982333903,1419.8946785843318,607.5331091231161,2878.0957751885876,393.8733845380263,191.8439077271714,93.48462261870083,"../../../../../../../../Evaluation_Protocol/Code/IDS_Stimuli/wav_16kHz/IDS/US_shoe, Baby 4_79.6376286981184.wav",IDS
CA_Baby 2077_377.207911515445,3.405125,5.348199156658987,0.5907448932755904,0.3293768545994065,52.12914054975115,7.040938871111935,643.9904608855611,141.28325846795772,1734.5643678373904,631.9406683736728,2913.0123696818805,273.42685388989173,169.36057828790908,60.74193877441961,../../../../../../../../Evaluation_Protocol/Code/IDS_Stimuli/wav_16kHz/IDS/CA_Baby 2077_377.207911515445.wav,IDS
"CA_shoe, Baby 3214_146.42957350550878",3.4015625,5.107120205055722,0.18307401203784654,0.5192878338278932,60.19905561891478,6.106102089881885,576.6126822122635,149.90528735398365,1779.1064724626408,313.2576366875687,2628.888943874703,223.14014715861157,177.65157369401314,109.50412597684348,"../../../../../../../../Evaluation_Protocol/Code/IDS_Stimuli/wav_16kHz/IDS/CA_shoe, Baby 3214_146.42957350550878.wav",IDS
"US_ball, Baby 5_65.9595859218018",1.360125,5.766114373912487,0.23974718353429167,0.5714285714285714,75.67070233695578,7.253311364976994,573.2820092182908,135.302602419842,1281.699723781856,580.6685574269526,2646.552714944018,502.4419137735739,201.436166600769,67.72693906448491,"../../../../../../../../Evaluation_Protocol/Code/IDS_Stimuli/wav_16kHz/IDS/US_ball, Baby 5_65.9595859218018.wav",IDS
"US_whisk, Baby 5_314.5604977684141",1.9246875,5.488062592204375,0.19780608464565566,0.7037037037037037,77.53340017589707,7.385873346698144,524.8898861028271,104.02240567075219,1448.3783862247362,604.927298347363,2799.932307584512,566.4611002222681,244.2576520162836,74.41810190444113,"../../../../../../../../Evaluation_Protocol/Code/IDS_Stimuli/wav_16kHz/IDS/US_whisk, Baby 5_314.5604977684141.wav",IDS
